Time,Data,Condition,Current,Label
2025-11-12 16:20:31.927,33.1,None,baseline,None
2025-11-12 16:20:32.073,33.1,None,baseline,None
2025-11-12 16:20:32.176,33.1,None,baseline,None
2025-11-12 16:20:32.350,33.1,None,baseline,None
2025-11-12 16:20:32.442,33.1,None,baseline,None
2025-11-12 16:20:32.603,33.1,None,baseline,None
2025-11-12 16:20:32.696,33.1,None,baseline,None
2025-11-12 16:20:32.852,33.1,None,baseline,None
2025-11-12 16:20:33.061,33.1,None,baseline,None
2025-11-12 16:20:33.112,33.1,None,baseline,None
2025-11-12 16:20:33.272,33.1,None,baseline,None
2025-11-12 16:20:33.458,33.1,None,baseline,None
2025-11-12 16:20:33.562,33.1,None,baseline,None
2025-11-12 16:20:33.731,33.1,None,baseline,None
2025-11-12 16:20:33.807,33.1,None,baseline,None
2025-11-12 16:20:33.990,33.1,None,baseline,None
2025-11-12 16:20:34.078,33.1,None,baseline,None
2025-11-12 16:20:34.265,33.1,None,baseline,None
2025-11-12 16:20:34.322,33.1,None,baseline,None
2025-11-12 16:20:34.484,33.1,None,baseline,None
2025-11-12 16:20:34.661,33.1,None,baseline,None
2025-11-12 16:20:34.748,33.1,None,baseline,None
2025-11-12 16:20:34.913,33.1,None,baseline,None
2025-11-12 16:20:35.011,33.1,None,baseline,None
2025-11-12 16:20:35.201,33.1,None,baseline,None
2025-11-12 16:20:35.367,33.1,None,baseline,None
2025-11-12 16:20:35.426,33.1,None,baseline,None
2025-11-12 16:20:35.628,33.1,None,baseline,None
2025-11-12 16:20:35.716,33.1,None,baseline,None
2025-11-12 16:20:35.797,33.1,None,baseline,None
2025-11-12 16:20:35.945,33.1,None,baseline,None
2025-11-12 16:20:36.043,33.1,None,baseline,None
2025-11-12 16:20:36.236,33.1,None,baseline,None
2025-11-12 16:20:36.395,33.1,None,baseline,None
2025-11-12 16:20:36.454,33.1,None,baseline,None
2025-11-12 16:20:36.661,33.1,None,baseline,None
2025-11-12 16:20:36.801,33.1,None,baseline,None
2025-11-12 16:20:36.801,33.1,None,baseline,None
2025-11-12 16:20:36.987,33.1,None,baseline,None
2025-11-12 16:20:37.178,33.1,None,baseline,None
2025-11-12 16:20:37.370,33.1,None,baseline,None
2025-11-12 16:20:37.425,33.1,None,baseline,None
2025-11-12 16:20:37.579,33.1,None,baseline,None
2025-11-12 16:20:37.674,33.1,None,baseline,None
2025-11-12 16:20:37.848,33.1,None,baseline,None
2025-11-12 16:20:37.934,33.1,None,baseline,None
2025-11-12 16:20:38.096,33.1,None,baseline,None
2025-11-12 16:20:38.191,33.1,None,baseline,None
2025-11-12 16:20:38.331,33.1,None,baseline,None
2025-11-12 16:20:38.460,33.1,None,baseline,None
2025-11-12 16:20:38.615,33.1,None,baseline,None
2025-11-12 16:20:38.772,33.1,None,baseline,None
2025-11-12 16:20:38.871,33.1,None,baseline,None
2025-11-12 16:20:39.050,33.1,None,baseline,None
2025-11-12 16:20:39.126,33.1,None,baseline,None
2025-11-12 16:20:39.324,33.1,None,baseline,None
2025-11-12 16:20:39.455,33.1,None,baseline,None
2025-11-12 16:20:39.572,33.1,None,baseline,None
2025-11-12 16:20:39.709,33.1,None,baseline,None
2025-11-12 16:20:39.813,33.1,None,baseline,None
2025-11-12 16:20:39.966,33.1,None,baseline,None
2025-11-12 16:20:40.166,33.1,None,baseline,None
2025-11-12 16:20:40.243,33.1,None,baseline,None
2025-11-12 16:20:40.408,33.1,None,baseline,None
2025-11-12 16:20:40.495,33.1,None,baseline,None
2025-11-12 16:20:40.667,33.1,None,baseline,None
2025-11-12 16:20:40.758,33.1,None,baseline,None
2025-11-12 16:20:40.964,33.1,None,baseline,None
2025-11-12 16:20:41.013,33.1,None,baseline,None
2025-11-12 16:20:41.164,33.1,None,baseline,None
2025-11-12 16:20:41.280,33.1,None,baseline,None
2025-11-12 16:20:41.424,33.1,None,baseline,None
2025-11-12 16:20:41.532,33.1,None,baseline,None
2025-11-12 16:20:41.676,33.2,None,baseline,None
2025-11-12 16:20:41.887,33.1,None,baseline,None
2025-11-12 16:20:41.953,33.1,None,baseline,None
2025-11-12 16:20:42.122,33.2,None,baseline,None
2025-11-12 16:20:42.313,33.2,None,baseline,None
2025-11-12 16:20:42.402,33.2,None,baseline,None
2025-11-12 16:20:42.595,33.2,None,baseline,None
2025-11-12 16:20:42.621,33.2,None,baseline,None
2025-11-12 16:20:42.812,33.2,None,baseline,None
2025-11-12 16:20:42.915,33.2,None,baseline,None
2025-11-12 16:20:43.079,33.2,None,baseline,None
2025-11-12 16:20:43.152,33.2,None,baseline,None
2025-11-12 16:20:43.330,33.2,None,baseline,None
2025-11-12 16:20:43.526,33.2,None,baseline,None
2025-11-12 16:20:43.675,33.2,None,baseline,None
2025-11-12 16:20:43.745,33.2,None,baseline,None
2025-11-12 16:20:43.843,33.2,None,baseline,None
2025-11-12 16:20:44.036,33.2,None,baseline,None
2025-11-12 16:20:44.036,33.2,None,baseline,None
2025-11-12 16:20:44.260,33.2,None,baseline,None
2025-11-12 16:20:44.464,33.2,None,baseline,None
2025-11-12 16:20:44.536,33.2,None,baseline,None
2025-11-12 16:20:44.685,33.2,None,baseline,None
2025-11-12 16:20:44.775,33.2,None,baseline,None
2025-11-12 16:20:44.956,33.2,None,baseline,None
2025-11-12 16:20:45.110,33.2,None,baseline,None
2025-11-12 16:20:45.205,33.2,None,baseline,None
2025-11-12 16:20:45.301,33.2,None,baseline,None
2025-11-12 16:20:45.486,33.2,None,baseline,None
2025-11-12 16:20:45.583,33.2,None,baseline,None
2025-11-12 16:20:45.672,33.2,None,baseline,None
2025-11-12 16:20:45.900,33.2,None,baseline,None
2025-11-12 16:20:45.998,33.2,None,baseline,None
2025-11-12 16:20:46.226,33.2,None,baseline,None
2025-11-12 16:20:46.249,33.2,None,baseline,None
2025-11-12 16:20:46.403,33.2,None,baseline,None
2025-11-12 16:20:46.505,33.2,None,baseline,None
2025-11-12 16:20:46.746,33.2,None,baseline,None
2025-11-12 16:20:46.827,33.2,None,baseline,None
2025-11-12 16:20:46.914,33.2,None,baseline,None
2025-11-12 16:20:47.108,33.2,None,baseline,None
2025-11-12 16:20:47.210,33.2,None,baseline,None
2025-11-12 16:20:47.277,33.2,None,baseline,None
2025-11-12 16:20:47.438,33.2,None,baseline,None
2025-11-12 16:20:47.626,33.2,None,baseline,None
2025-11-12 16:20:47.766,33.2,None,baseline,None
2025-11-12 16:20:47.852,33.2,None,baseline,None
2025-11-12 16:20:48.044,33.2,None,baseline,None
2025-11-12 16:20:48.145,33.2,None,baseline,None
2025-11-12 16:20:48.275,33.2,None,baseline,None
2025-11-12 16:20:48.394,33.2,None,baseline,None
2025-11-12 16:20:48.545,33.2,None,baseline,None
2025-11-12 16:20:48.727,33.2,None,baseline,None
2025-11-12 16:20:48.799,33.2,None,baseline,None
2025-11-12 16:20:48.984,33.2,None,baseline,None
2025-11-12 16:20:49.160,33.2,None,baseline,None
2025-11-12 16:20:49.254,33.2,None,baseline,None
2025-11-12 16:20:49.399,33.2,None,baseline,None
2025-11-12 16:20:49.510,33.2,None,baseline,None
2025-11-12 16:20:49.690,33.2,None,baseline,None
2025-11-12 16:20:49.748,33.2,None,baseline,None
2025-11-12 16:20:49.923,33.2,None,baseline,None
2025-11-12 16:20:50.000,33.2,None,baseline,None
2025-11-12 16:20:50.192,33.2,None,baseline,None
2025-11-12 16:20:50.290,33.2,None,baseline,None
2025-11-12 16:20:50.428,33.2,None,baseline,None
2025-11-12 16:20:50.624,33.2,None,baseline,None
2025-11-12 16:20:50.723,33.2,None,baseline,None
2025-11-12 16:20:50.863,33.2,None,baseline,None
2025-11-12 16:20:50.949,33.2,None,baseline,None
2025-11-12 16:20:51.137,33.2,None,baseline,None
2025-11-12 16:20:51.216,33.2,None,baseline,None
2025-11-12 16:20:51.362,33.2,None,baseline,None
2025-11-12 16:20:51.543,33.2,None,baseline,None
2025-11-12 16:20:51.655,33.2,None,baseline,None
2025-11-12 16:20:51.800,33.2,None,baseline,None
2025-11-12 16:20:51.875,33.2,None,baseline,None
2025-11-12 16:20:52.045,33.2,None,baseline,None
2025-11-12 16:20:52.160,33.2,None,baseline,None
2025-11-12 16:20:52.343,33.2,None,baseline,None
2025-11-12 16:20:52.438,33.2,None,baseline,None
2025-11-12 16:20:52.571,33.2,None,baseline,None
2025-11-12 16:20:52.764,33.2,None,baseline,None
2025-11-12 16:20:52.860,33.2,None,baseline,None
2025-11-12 16:20:52.991,33.2,None,baseline,None
2025-11-12 16:20:53.100,33.2,None,baseline,None
2025-11-12 16:20:53.280,33.2,None,baseline,None
2025-11-12 16:20:53.383,33.2,None,baseline,None
2025-11-12 16:20:53.508,33.2,None,baseline,None
2025-11-12 16:20:53.613,33.2,None,baseline,None
2025-11-12 16:20:53.764,33.2,None,baseline,None
2025-11-12 16:20:53.989,33.2,None,baseline,None
2025-11-12 16:20:53.989,33.2,None,baseline,None
2025-11-12 16:20:54.189,33.2,None,baseline,None
2025-11-12 16:20:54.297,33.2,None,baseline,None
2025-11-12 16:20:54.485,33.2,None,baseline,None
2025-11-12 16:20:54.574,33.2,None,baseline,None
2025-11-12 16:20:54.733,33.2,None,baseline,None
2025-11-12 16:20:54.926,33.2,None,baseline,None
2025-11-12 16:20:55.053,33.2,None,baseline,None
2025-11-12 16:20:55.132,33.2,None,baseline,None
2025-11-12 16:20:55.239,33.2,None,baseline,None
2025-11-12 16:20:55.429,33.2,None,baseline,None
2025-11-12 16:20:55.563,33.2,None,baseline,None
2025-11-12 16:20:55.580,33.2,None,baseline,None
2025-11-12 16:20:55.844,33.2,None,baseline,None
2025-11-12 16:20:55.943,33.2,None,baseline,None
2025-11-12 16:20:56.080,33.2,None,baseline,None
2025-11-12 16:20:56.135,33.2,None,baseline,None
2025-11-12 16:20:56.360,33.2,None,baseline,None
2025-11-12 16:20:56.519,33.2,None,baseline,None
2025-11-12 16:20:56.592,33.2,None,baseline,None
2025-11-12 16:20:56.778,33.2,None,baseline,None
2025-11-12 16:20:56.814,33.2,None,baseline,None
2025-11-12 16:20:57.078,33.2,None,baseline,None
2025-11-12 16:20:57.216,33.2,None,baseline,None
2025-11-12 16:20:57.296,33.2,None,baseline,None
2025-11-12 16:20:57.471,33.2,None,baseline,None
2025-11-12 16:20:57.543,33.2,None,baseline,None
2025-11-12 16:20:57.721,33.2,None,baseline,None
2025-11-12 16:20:57.823,33.2,None,baseline,None
2025-11-12 16:20:58.013,33.2,None,baseline,None
2025-11-12 16:20:58.090,33.2,None,baseline,None
2025-11-12 16:20:58.228,33.2,None,baseline,None
2025-11-12 16:20:58.330,33.2,None,baseline,None
2025-11-12 16:20:58.512,33.2,None,baseline,None
2025-11-12 16:20:58.650,33.2,None,baseline,None
2025-11-12 16:20:58.730,33.2,None,baseline,None
2025-11-12 16:20:58.933,33.2,None,baseline,None
2025-11-12 16:20:59.028,33.2,None,baseline,None
2025-11-12 16:20:59.186,33.2,None,baseline,None
2025-11-12 16:20:59.276,33.2,None,baseline,None
2025-11-12 16:20:59.442,33.2,None,baseline,None
2025-11-12 16:20:59.603,33.2,None,baseline,None
2025-11-12 16:20:59.674,33.2,None,baseline,None
2025-11-12 16:20:59.848,33.2,None,baseline,None
2025-11-12 16:20:59.958,33.2,None,baseline,None
2025-11-12 16:21:00.116,33.2,None,baseline,None
2025-11-12 16:21:00.199,33.2,None,baseline,None
2025-11-12 16:21:00.374,33.2,None,baseline,None
2025-11-12 16:21:00.476,33.2,None,baseline,None
2025-11-12 16:21:00.660,33.2,None,baseline,None
2025-11-12 16:21:00.797,33.2,None,baseline,None
2025-11-12 16:21:00.820,33.2,None,baseline,None
2025-11-12 16:21:01.080,33.2,None,baseline,None
2025-11-12 16:21:01.169,33.2,None,baseline,None
2025-11-12 16:21:01.304,33.2,None,baseline,None
2025-11-12 16:21:01.499,33.2,None,baseline,None
2025-11-12 16:21:01.587,33.2,None,baseline,None
2025-11-12 16:21:01.692,33.2,None,baseline,None
2025-11-12 16:21:01.846,33.2,None,baseline,None
2025-11-12 16:21:02.016,33.2,None,baseline,None
2025-11-12 16:21:02.303,33.2,None,baseline,None
2025-11-12 16:21:02.303,33.3,None,baseline,None
2025-11-12 16:21:02.418,33.2,None,baseline,None
2025-11-12 16:21:02.517,33.2,None,baseline,None
2025-11-12 16:21:02.712,33.3,None,baseline,None
2025-11-12 16:21:02.812,33.2,None,baseline,None
2025-11-12 16:21:02.956,33.2,None,baseline,None
2025-11-12 16:21:03.043,33.3,None,baseline,None
2025-11-12 16:21:03.228,33.3,None,baseline,None
2025-11-12 16:21:03.322,33.3,None,baseline,None
2025-11-12 16:21:03.458,33.2,None,baseline,None
2025-11-12 16:21:03.628,33.3,None,baseline,None
2025-11-12 16:21:03.732,33.2,None,baseline,None
2025-11-12 16:21:03.902,33.3,None,baseline,None
2025-11-12 16:21:04.057,33.3,None,baseline,None
2025-11-12 16:21:04.142,33.2,None,baseline,None
2025-11-12 16:21:04.319,33.3,None,baseline,None
2025-11-12 16:21:04.418,33.3,None,baseline,None
2025-11-12 16:21:04.562,33.3,None,baseline,None
2025-11-12 16:21:04.676,33.3,None,baseline,None
2025-11-12 16:21:04.827,33.2,None,baseline,None
2025-11-12 16:21:04.998,33.3,None,baseline,None
2025-11-12 16:21:05.076,33.3,None,baseline,None
2025-11-12 16:21:05.282,33.3,None,baseline,None
2025-11-12 16:21:05.379,33.3,None,baseline,None
2025-11-12 16:21:05.513,33.3,None,baseline,None
2025-11-12 16:21:05.526,33.3,None,baseline,None
2025-11-12 16:21:05.801,33.3,None,baseline,None
2025-11-12 16:21:05.906,33.3,None,baseline,None
2025-11-12 16:21:06.116,33.3,None,baseline,None
2025-11-12 16:21:06.116,33.3,None,baseline,None
2025-11-12 16:21:06.293,33.3,None,baseline,None
2025-11-12 16:21:06.459,33.3,None,baseline,None
2025-11-12 16:21:06.630,33.3,None,baseline,None
2025-11-12 16:21:06.700,33.3,None,baseline,None
2025-11-12 16:21:06.802,33.3,None,baseline,None
2025-11-12 16:21:06.969,33.3,None,baseline,None
2025-11-12 16:21:07.078,33.3,None,baseline,None
2025-11-12 16:21:07.178,33.3,None,baseline,None
2025-11-12 16:21:07.406,33.3,None,baseline,None
2025-11-12 16:21:07.528,33.3,None,baseline,None
2025-11-12 16:21:07.650,33.3,None,baseline,None
2025-11-12 16:21:07.748,33.3,None,baseline,None
2025-11-12 16:21:07.951,33.3,None,baseline,None
2025-11-12 16:21:08.077,33.3,None,baseline,None
2025-11-12 16:21:08.158,33.3,None,baseline,None
2025-11-12 16:21:08.346,33.3,None,baseline,None
2025-11-12 16:21:08.441,33.3,None,baseline,None
2025-11-12 16:21:08.595,33.3,None,baseline,None
2025-11-12 16:21:08.775,33.3,None,baseline,None
2025-11-12 16:21:08.866,33.3,None,baseline,None
2025-11-12 16:21:09.053,33.3,None,baseline,None
2025-11-12 16:21:09.128,33.3,None,baseline,None
2025-11-12 16:21:09.283,33.3,None,baseline,None
2025-11-12 16:21:09.403,33.3,None,baseline,None
2025-11-12 16:21:09.580,33.3,None,baseline,None
2025-11-12 16:21:09.705,33.3,None,baseline,None
2025-11-12 16:21:09.811,33.3,None,baseline,None
2025-11-12 16:21:10.017,33.3,None,baseline,None
2025-11-12 16:21:10.072,33.3,None,music1,None
2025-11-12 16:21:10.234,33.3,None,music1,None
2025-11-12 16:21:10.315,33.3,None,music1,None
2025-11-12 16:21:10.516,33.3,None,music1,None
2025-11-12 16:21:10.660,33.3,None,music1,None
2025-11-12 16:21:10.763,33.3,None,music1,None
2025-11-12 16:21:10.916,33.3,None,music1,None
2025-11-12 16:21:11.030,33.3,None,music1,None
2025-11-12 16:21:11.255,33.3,None,music1,None
2025-11-12 16:21:11.340,33.3,None,music1,None
2025-11-12 16:21:11.506,33.3,None,music1,None
2025-11-12 16:21:11.632,33.3,None,music1,None
2025-11-12 16:21:11.862,33.3,None,music1,None
2025-11-12 16:21:11.880,33.3,None,music1,None
2025-11-12 16:21:11.944,33.3,None,music1,None
2025-11-12 16:21:12.126,33.3,None,music1,None
2025-11-12 16:21:12.233,33.3,None,music1,None
2025-11-12 16:21:12.364,33.3,None,music1,None
2025-11-12 16:21:12.556,33.3,None,music1,None
2025-11-12 16:21:12.643,33.3,None,music1,None
2025-11-12 16:21:12.837,33.3,None,music1,None
2025-11-12 16:21:12.999,33.3,None,music1,None
2025-11-12 16:21:13.164,33.3,None,music1,None
2025-11-12 16:21:13.169,33.3,None,music1,None
2025-11-12 16:21:13.311,33.3,None,music1,None
2025-11-12 16:21:13.499,33.3,None,music1,None
2025-11-12 16:21:13.561,33.3,None,music1,None
2025-11-12 16:21:13.779,33.3,None,music1,None
2025-11-12 16:21:13.980,33.3,None,music1,None
2025-11-12 16:21:13.980,33.3,None,music1,None
2025-11-12 16:21:14.086,33.3,None,music1,None
2025-11-12 16:21:14.278,33.3,None,music1,None
2025-11-12 16:21:14.419,33.3,None,music1,None
2025-11-12 16:21:14.610,33.3,None,music1,None
2025-11-12 16:21:14.697,33.3,None,music1,None
2025-11-12 16:21:14.794,33.3,None,music1,None
2025-11-12 16:21:14.939,33.3,None,music1,None
2025-11-12 16:21:15.038,33.3,None,music1,None
2025-11-12 16:21:15.215,33.3,None,music1,None
2025-11-12 16:21:15.313,33.3,None,music1,None
2025-11-12 16:21:15.448,33.3,None,music1,None
2025-11-12 16:21:15.545,33.3,None,music1,None
2025-11-12 16:21:15.741,33.3,None,music1,None
2025-11-12 16:21:15.982,33.3,None,music1,None
2025-11-12 16:21:16.016,33.3,None,music1,None
2025-11-12 16:21:16.148,33.3,None,music1,None
2025-11-12 16:21:16.228,33.3,None,music1,None
2025-11-12 16:21:16.488,33.3,None,music1,None
2025-11-12 16:21:16.534,33.3,None,music1,None
2025-11-12 16:21:16.671,33.3,None,music1,None
2025-11-12 16:21:16.843,33.3,None,music1,None
2025-11-12 16:21:16.959,33.3,None,music1,None
2025-11-12 16:21:17.072,33.3,None,music1,None
2025-11-12 16:21:17.107,33.3,None,music1,None
2025-11-12 16:21:17.365,33.3,None,music1,None
2025-11-12 16:21:17.530,33.3,None,music1,None
2025-11-12 16:21:17.685,33.3,None,music1,None
2025-11-12 16:21:17.790,33.3,None,music1,None
2025-11-12 16:21:17.873,33.3,None,music1,None
2025-11-12 16:21:18.060,33.3,None,music1,None
2025-11-12 16:21:18.145,33.3,None,music1,None
2025-11-12 16:21:18.272,33.3,None,music1,None
2025-11-12 16:21:18.476,33.3,None,music1,None
2025-11-12 16:21:18.575,33.3,None,music1,None
2025-11-12 16:21:18.719,33.3,None,music1,None
2025-11-12 16:21:18.821,33.3,None,music1,None
2025-11-12 16:21:18.996,33.3,None,music1,None
2025-11-12 16:21:19.092,33.3,None,music1,None
2025-11-12 16:21:19.188,33.3,None,music1,None
2025-11-12 16:21:19.325,33.3,None,music1,None
2025-11-12 16:21:19.509,33.3,None,music1,None
2025-11-12 16:21:19.604,33.3,None,music1,None
2025-11-12 16:21:19.728,33.3,None,music1,None
2025-11-12 16:21:19.916,33.3,None,music1,None
2025-11-12 16:21:20.028,33.3,None,music1,None
2025-11-12 16:21:20.220,33.3,None,music1,None
2025-11-12 16:21:20.263,33.3,None,music1,None
2025-11-12 16:21:20.434,33.3,None,music1,None
2025-11-12 16:21:20.644,33.3,None,music1,None
2025-11-12 16:21:20.644,33.3,None,music1,None
2025-11-12 16:21:20.858,33.3,None,music1,None
2025-11-12 16:21:20.943,33.3,None,music1,None
2025-11-12 16:21:21.148,33.3,None,music1,None
2025-11-12 16:21:21.284,33.3,None,music1,None
2025-11-12 16:21:21.379,33.3,None,music1,None
2025-11-12 16:21:21.566,33.3,None,music1,None
2025-11-12 16:21:21.660,33.3,None,music1,None
2025-11-12 16:21:21.886,33.3,None,music1,None
2025-11-12 16:21:21.887,33.3,None,music1,None
2025-11-12 16:21:22.053,33.3,None,music1,None
2025-11-12 16:21:22.268,33.3,None,music1,None
2025-11-12 16:21:22.268,33.3,None,music1,None
2025-11-12 16:21:22.419,33.3,None,music1,None
2025-11-12 16:21:22.579,33.3,None,music1,None
2025-11-12 16:21:22.775,33.3,None,music1,None
2025-11-12 16:21:22.836,33.3,None,music1,None
2025-11-12 16:21:22.998,33.3,None,music1,None
2025-11-12 16:21:23.097,33.3,None,music1,None
2025-11-12 16:21:23.296,33.3,None,music1,None
2025-11-12 16:21:23.435,33.3,None,music1,None
2025-11-12 16:21:23.500,33.3,None,music1,None
2025-11-12 16:21:23.711,33.3,None,music1,None
2025-11-12 16:21:23.809,33.3,None,music1,None
2025-11-12 16:21:23.911,33.3,None,music1,None
2025-11-12 16:21:24.034,33.3,None,music1,None
2025-11-12 16:21:24.361,33.3,None,music1,None
2025-11-12 16:21:24.367,33.4,None,music1,None
2025-11-12 16:21:24.445,33.3,None,music1,None
2025-11-12 16:21:24.565,33.3,None,music1,None
2025-11-12 16:21:24.823,33.4,None,music1,None
2025-11-12 16:21:24.898,33.4,None,music1,None
2025-11-12 16:21:25.041,33.4,None,music1,None
2025-11-12 16:21:25.148,33.4,None,music1,None
2025-11-12 16:21:25.256,33.4,None,music1,None
2025-11-12 16:21:25.445,33.4,None,music1,None
2025-11-12 16:21:25.536,33.4,None,music1,None
2025-11-12 16:21:25.615,33.4,None,music1,None
2025-11-12 16:21:25.861,33.4,None,music1,None
2025-11-12 16:21:25.962,33.4,None,music1,None
2025-11-12 16:21:26.148,33.4,None,music1,None
2025-11-12 16:21:26.148,33.4,None,music1,None
2025-11-12 16:21:26.379,33.4,None,music1,None
2025-11-12 16:21:26.478,33.4,None,music1,None
2025-11-12 16:21:26.601,33.4,None,music1,None
2025-11-12 16:21:26.874,33.4,None,music1,None
2025-11-12 16:21:26.874,33.4,None,music1,None
2025-11-12 16:21:27.029,33.4,None,music1,None
2025-11-12 16:21:27.134,33.4,None,music1,None
2025-11-12 16:21:27.389,33.4,None,music1,None
2025-11-12 16:21:27.395,33.4,None,music1,None
2025-11-12 16:21:27.591,33.4,None,music1,None
2025-11-12 16:21:27.701,33.4,None,music1,None
2025-11-12 16:21:27.824,33.4,None,music1,None
2025-11-12 16:21:28.025,33.4,None,music1,None
2025-11-12 16:21:28.079,33.4,None,music1,None
2025-11-12 16:21:28.258,33.4,None,music1,None
2025-11-12 16:21:28.326,33.4,None,music1,None
2025-11-12 16:21:28.497,33.4,None,music1,None
2025-11-12 16:21:28.599,33.4,None,music1,None
2025-11-12 16:21:28.744,33.4,None,music1,None
2025-11-12 16:21:28.951,33.4,None,music1,None
2025-11-12 16:21:29.040,33.4,None,music1,None
2025-11-12 16:21:29.283,33.4,None,music1,None
2025-11-12 16:21:29.289,33.4,None,music1,None
2025-11-12 16:21:29.456,33.4,None,music1,None
2025-11-12 16:21:29.547,33.4,None,music1,None
2025-11-12 16:21:29.715,33.4,None,music1,None
2025-11-12 16:21:29.879,33.4,None,music1,None
2025-11-12 16:21:29.961,33.4,None,music1,None
2025-11-12 16:21:30.126,33.4,None,music1,None
2025-11-12 16:21:30.227,33.4,None,music1,None
2025-11-12 16:21:30.584,33.4,None,music1,None
2025-11-12 16:21:30.584,33.4,None,music1,None
2025-11-12 16:21:30.643,33.4,None,music1,None
2025-11-12 16:21:30.747,33.4,None,music1,None
2025-11-12 16:21:30.895,33.4,None,music1,None
2025-11-12 16:21:31.094,33.4,None,music1,None
2025-11-12 16:21:31.160,33.4,None,music1,None
2025-11-12 16:21:31.328,33.4,None,music1,None
2025-11-12 16:21:31.405,33.4,None,music1,None
2025-11-12 16:21:31.596,33.4,None,music1,None
2025-11-12 16:21:31.695,33.4,None,music1,None
2025-11-12 16:21:31.839,33.4,None,music1,None
2025-11-12 16:21:32.011,33.4,None,music1,None
2025-11-12 16:21:32.111,33.4,None,music1,None
2025-11-12 16:21:32.311,33.4,None,music1,None
2025-11-12 16:21:32.311,33.4,None,music1,None
2025-11-12 16:21:32.546,33.4,None,music1,None
2025-11-12 16:21:32.715,33.4,None,music1,None
2025-11-12 16:21:32.818,33.4,None,music1,None
2025-11-12 16:21:32.919,33.4,None,music1,None
2025-11-12 16:21:33.037,33.4,None,music1,None
2025-11-12 16:21:33.227,33.4,None,music1,None
2025-11-12 16:21:33.338,33.4,None,music1,None
2025-11-12 16:21:33.443,33.4,None,music1,None
2025-11-12 16:21:33.645,33.4,None,music1,None
2025-11-12 16:21:33.734,33.4,None,music1,None
2025-11-12 16:21:33.892,33.4,None,music1,None
2025-11-12 16:21:33.986,33.4,None,music1,None
2025-11-12 16:21:34.171,33.4,None,music1,None
2025-11-12 16:21:34.265,33.4,None,music1,None
2025-11-12 16:21:34.455,33.4,None,music1,None
2025-11-12 16:21:34.603,33.4,None,music1,None
2025-11-12 16:21:34.678,33.4,None,music1,None
2025-11-12 16:21:34.874,33.4,None,music1,None
2025-11-12 16:21:34.916,33.4,None,music1,None
2025-11-12 16:21:35.102,33.4,None,music1,None
2025-11-12 16:21:35.175,33.4,None,music1,None
2025-11-12 16:21:35.384,33.4,None,music1,None
2025-11-12 16:21:35.620,33.4,None,music1,None
2025-11-12 16:21:35.620,33.4,None,music1,None
2025-11-12 16:21:35.707,33.4,None,music1,None
2025-11-12 16:21:35.899,33.4,None,music1,None
2025-11-12 16:21:36.032,33.4,None,music1,None
2025-11-12 16:21:36.120,33.4,None,music1,None
2025-11-12 16:21:36.433,33.4,None,music1,None
2025-11-12 16:21:36.439,33.4,None,music1,None
2025-11-12 16:21:36.649,33.4,None,music1,None
2025-11-12 16:21:36.649,33.4,None,music1,None
2025-11-12 16:21:36.831,33.4,None,music1,None
2025-11-12 16:21:36.973,33.4,None,music1,None
2025-11-12 16:21:37.159,33.4,None,music1,None
2025-11-12 16:21:37.254,33.4,None,music1,None
2025-11-12 16:21:37.326,33.4,None,music1,None
2025-11-12 16:21:37.480,33.4,None,music1,None
2025-11-12 16:21:37.626,33.4,None,music1,None
2025-11-12 16:21:37.746,33.4,None,music1,None
2025-11-12 16:21:37.938,33.4,None,music1,None
2025-11-12 16:21:38.011,33.4,None,music1,None
2025-11-12 16:21:38.174,33.4,None,music1,None
2025-11-12 16:21:38.382,33.4,None,music1,None
2025-11-12 16:21:38.486,33.4,None,music1,None
2025-11-12 16:21:38.600,33.4,None,music1,None
2025-11-12 16:21:38.783,33.4,None,music1,None
2025-11-12 16:21:38.902,33.4,None,music1,None
2025-11-12 16:21:38.969,33.4,None,music1,None
2025-11-12 16:21:39.154,33.4,None,music1,None
2025-11-12 16:21:39.212,33.4,None,music1,None
2025-11-12 16:21:39.409,33.4,None,music1,None
2025-11-12 16:21:39.498,33.4,None,music1,None
2025-11-12 16:21:39.644,33.4,None,music1,None
2025-11-12 16:21:39.825,33.4,None,music1,None
2025-11-12 16:21:39.884,33.4,None,music1,None
2025-11-12 16:21:40.098,33.4,None,music1,None
2025-11-12 16:21:40.158,33.4,None,music1,None
2025-11-12 16:21:40.322,33.4,None,music1,None
2025-11-12 16:21:40.428,33.4,None,music1,None
2025-11-12 16:21:40.608,33.4,None,music1,None
2025-11-12 16:21:40.771,33.4,None,music1,None
2025-11-12 16:21:40.841,33.4,None,music1,None
2025-11-12 16:21:41.016,33.4,None,music1,None
2025-11-12 16:21:41.217,33.4,None,music1,None
2025-11-12 16:21:41.262,33.4,None,music1,None
2025-11-12 16:21:41.459,33.4,None,music1,None
2025-11-12 16:21:41.517,33.4,None,music1,None
2025-11-12 16:21:41.630,33.4,None,music1,None
2025-11-12 16:21:41.843,33.4,None,music1,None
2025-11-12 16:21:41.940,33.4,None,music1,None
2025-11-12 16:21:42.126,33.4,None,music1,None
2025-11-12 16:21:42.240,33.4,None,music1,None
2025-11-12 16:21:42.335,33.4,None,music1,None
2025-11-12 16:21:42.574,33.4,None,music1,None
2025-11-12 16:21:42.580,33.4,None,music1,None
2025-11-12 16:21:42.761,33.4,None,music1,None
2025-11-12 16:21:42.859,33.4,None,music1,None
2025-11-12 16:21:42.977,33.4,None,music1,None
2025-11-12 16:21:43.178,33.4,None,music1,None
2025-11-12 16:21:43.279,33.4,None,music1,None
2025-11-12 16:21:43.517,33.4,None,music1,None
2025-11-12 16:21:43.793,33.4,None,music1,None
2025-11-12 16:21:43.797,33.4,None,music1,None
2025-11-12 16:21:44.015,33.4,None,music1,None
2025-11-12 16:21:44.015,33.4,None,music1,None
2025-11-12 16:21:44.196,33.4,None,music1,None
2025-11-12 16:21:44.295,33.4,None,music1,None
2025-11-12 16:21:44.520,33.4,None,music1,None
2025-11-12 16:21:44.714,33.4,None,music1,None
2025-11-12 16:21:44.720,33.4,None,music1,None
2025-11-12 16:21:44.918,33.4,None,music1,None
2025-11-12 16:21:45.141,33.4,None,music1,None
2025-11-12 16:21:45.626,33.4,None,music1,None
2025-11-12 16:21:45.626,33.4,None,music1,None
2025-11-12 16:21:46.116,33.4,None,music1,None
2025-11-12 16:21:46.116,33.4,None,music1,None
2025-11-12 16:21:46.116,33.4,None,music1,None
2025-11-12 16:21:46.116,33.4,None,music1,None
2025-11-12 16:21:46.116,33.4,None,music1,None
2025-11-12 16:21:46.116,33.4,None,music1,None
2025-11-12 16:21:46.679,33.4,None,music1,None
2025-11-12 16:21:46.679,33.4,None,music1,None
2025-11-12 16:21:46.701,33.4,None,music1,None
2025-11-12 16:21:46.716,33.4,None,music1,None
2025-11-12 16:21:46.863,33.4,None,music1,None
2025-11-12 16:21:46.942,33.4,None,music1,None
2025-11-12 16:21:47.359,33.4,None,music1,None
2025-11-12 16:21:47.585,33.4,None,music1,None
2025-11-12 16:21:47.661,33.4,None,music1,None
2025-11-12 16:21:47.661,33.4,None,music1,None
2025-11-12 16:21:47.661,33.4,None,music1,None
2025-11-12 16:21:47.797,33.4,None,music1,None
2025-11-12 16:21:48.202,33.4,None,music1,None
2025-11-12 16:21:48.218,33.4,None,music1,None
2025-11-12 16:21:48.228,33.4,None,music1,None
2025-11-12 16:21:48.325,33.4,None,music1,None
2025-11-12 16:21:48.884,33.4,None,music1,None
2025-11-12 16:21:49.229,33.4,None,music1,None
2025-11-12 16:21:49.229,33.4,None,music1,None
2025-11-12 16:21:49.229,33.4,None,music1,None
2025-11-12 16:21:49.229,33.4,None,music1,None
2025-11-12 16:21:49.229,33.4,None,music1,None
2025-11-12 16:21:49.728,33.4,None,music1,None
2025-11-12 16:21:49.728,33.5,None,music1,None
2025-11-12 16:21:50.830,33.5,None,music1,None
2025-11-12 16:21:51.067,33.5,None,music1,None
2025-11-12 16:21:51.067,33.4,None,music1,None
2025-11-12 16:21:51.073,33.5,None,music1,None
2025-11-12 16:21:51.444,33.5,None,music1,None
2025-11-12 16:21:51.538,33.5,None,music1,None
2025-11-12 16:21:52.006,33.5,None,music1,None
2025-11-12 16:21:52.007,33.5,None,music1,None
2025-11-12 16:21:52.252,33.5,None,music1,None
2025-11-12 16:21:52.252,33.5,None,music1,None
2025-11-12 16:21:52.252,33.5,None,music1,None
2025-11-12 16:21:52.477,33.5,None,music1,None
2025-11-12 16:21:52.626,33.5,None,music1,None
2025-11-12 16:21:53.060,33.5,None,music1,None
2025-11-12 16:21:53.063,33.5,None,music1,None
2025-11-12 16:21:53.074,33.5,None,music1,None
2025-11-12 16:21:53.078,33.5,None,music1,None
2025-11-12 16:21:53.793,33.5,None,music1,None
2025-11-12 16:21:53.800,33.5,None,music1,None
2025-11-12 16:21:53.814,33.5,None,music1,None
2025-11-12 16:21:54.067,33.5,None,music1,None
2025-11-12 16:21:54.067,33.5,None,music1,None
2025-11-12 16:21:54.067,33.5,None,music1,None
2025-11-12 16:21:54.067,33.5,None,music1,None
2025-11-12 16:21:54.327,33.5,None,music1,None
2025-11-12 16:21:54.327,33.5,None,music1,None
2025-11-12 16:21:54.752,33.5,None,music1,None
2025-11-12 16:21:55.033,33.5,None,music1,None
2025-11-12 16:21:55.037,33.5,None,music1,None
2025-11-12 16:21:55.045,33.5,None,music1,None
2025-11-12 16:21:55.045,33.5,None,music1,None
2025-11-12 16:21:55.293,33.5,None,music1,None
2025-11-12 16:21:55.811,33.5,None,music1,None
2025-11-12 16:21:56.122,33.5,None,music1,None
2025-11-12 16:21:56.128,33.5,None,music1,None
2025-11-12 16:21:56.143,33.5,None,music1,None
2025-11-12 16:21:56.147,33.5,None,music1,None
2025-11-12 16:21:56.147,33.5,None,music1,None
2025-11-12 16:21:56.325,33.5,None,music1,None
2025-11-12 16:21:56.627,33.5,None,music1,None
2025-11-12 16:21:57.532,33.5,None,music1,None
2025-11-12 16:21:57.534,33.5,None,music1,None
2025-11-12 16:21:57.538,33.5,None,music1,None
2025-11-12 16:21:57.670,33.5,None,music1,None
2025-11-12 16:21:57.670,33.5,None,music1,None
2025-11-12 16:21:57.899,33.5,None,music1,None
2025-11-12 16:21:57.952,33.5,None,music1,None
2025-11-12 16:21:58.295,33.5,None,music1,None
2025-11-12 16:21:58.295,33.5,None,music1,None
2025-11-12 16:21:58.295,33.5,None,music1,None
2025-11-12 16:21:58.354,33.5,None,music1,None
2025-11-12 16:21:58.781,33.5,None,music1,None
2025-11-12 16:21:58.784,33.5,None,music1,None
2025-11-12 16:21:58.786,33.5,None,music1,None
2025-11-12 16:21:58.971,33.5,None,music1,None
2025-11-12 16:21:59.391,33.5,None,music1,None
2025-11-12 16:22:00.824,33.5,None,music1,None
2025-11-12 16:22:00.824,33.5,None,music1,None
2025-11-12 16:22:00.824,33.5,None,music1,None
2025-11-12 16:22:00.824,33.5,None,music1,None
2025-11-12 16:22:00.824,33.5,None,music1,None
2025-11-12 16:22:01.025,33.5,None,music1,None
2025-11-12 16:22:01.173,33.5,None,music1,None
2025-11-12 16:22:01.259,33.5,None,music1,None
2025-11-12 16:22:01.425,33.5,None,music1,None
2025-11-12 16:22:01.520,33.5,None,music1,None
2025-11-12 16:22:01.670,33.5,None,music1,None
2025-11-12 16:22:01.860,33.5,None,music1,None
2025-11-12 16:22:01.934,33.5,None,music1,None
2025-11-12 16:22:02.112,33.5,None,music1,None
2025-11-12 16:22:02.270,33.5,None,music1,None
2025-11-12 16:22:02.349,33.5,None,music1,None
2025-11-12 16:22:02.484,33.5,None,music1,None
2025-11-12 16:22:02.655,33.5,None,music1,None
2025-11-12 16:22:02.789,33.5,None,music1,None
2025-11-12 16:22:02.817,33.5,None,music1,None
2025-11-12 16:22:02.982,33.5,None,music1,None
2025-11-12 16:22:03.171,33.5,None,music1,None
2025-11-12 16:22:03.315,33.5,None,music1,None
2025-11-12 16:22:03.401,33.5,None,music1,None
2025-11-12 16:22:03.586,33.5,None,music1,None
2025-11-12 16:22:03.770,33.5,None,music1,None
2025-11-12 16:22:03.826,33.5,None,music1,None
2025-11-12 16:22:03.928,33.5,None,music1,None
2025-11-12 16:22:04.095,33.5,None,music1,None
2025-11-12 16:22:04.268,33.5,None,music1,None
2025-11-12 16:22:04.347,33.5,None,music1,None
2025-11-12 16:22:04.514,33.5,None,music1,None
2025-11-12 16:22:04.611,33.5,None,music1,None
2025-11-12 16:22:04.878,33.5,None,music1,None
2025-11-12 16:22:04.878,33.5,None,music1,None
2025-11-12 16:22:05.043,33.5,None,music1,None
2025-11-12 16:22:05.226,33.5,None,music1,None
2025-11-12 16:22:05.279,33.5,None,music1,None
2025-11-12 16:22:05.527,33.5,None,music1,None
2025-11-12 16:22:05.631,33.5,None,music1,None
2025-11-12 16:22:05.843,33.5,None,music1,None
2025-11-12 16:22:05.843,33.5,None,music1,None
2025-11-12 16:22:05.968,33.5,None,music1,None
2025-11-12 16:22:06.160,33.5,None,questionnaire1,None
2025-11-12 16:22:06.257,33.5,None,questionnaire1,None
2025-11-12 16:22:06.318,33.5,None,questionnaire1,None
2025-11-12 16:22:06.481,33.5,None,questionnaire1,None
2025-11-12 16:22:06.659,33.5,None,questionnaire1,None
2025-11-12 16:22:06.762,33.5,None,questionnaire1,None
2025-11-12 16:22:07.098,33.5,None,questionnaire1,None
2025-11-12 16:22:07.171,33.5,None,questionnaire1,None
2025-11-12 16:22:07.172,33.5,None,questionnaire1,None
2025-11-12 16:22:07.350,33.5,None,questionnaire1,None
2025-11-12 16:22:07.447,33.5,None,questionnaire1,None
2025-11-12 16:22:07.595,33.5,None,questionnaire1,None
2025-11-12 16:22:07.790,33.5,None,questionnaire1,None
2025-11-12 16:22:07.894,33.5,None,questionnaire1,None
2025-11-12 16:22:07.968,33.5,None,questionnaire1,None
2025-11-12 16:22:08.112,33.5,None,questionnaire1,None
2025-11-12 16:22:08.376,33.5,None,questionnaire1,None
2025-11-12 16:22:08.409,33.5,None,questionnaire1,None
2025-11-12 16:22:08.543,33.5,None,questionnaire1,None
2025-11-12 16:22:08.724,33.5,None,questionnaire1,None
2025-11-12 16:22:08.827,33.5,None,questionnaire1,None
2025-11-12 16:22:08.917,33.5,None,questionnaire1,None
2025-11-12 16:22:09.155,33.5,None,questionnaire1,None
2025-11-12 16:22:09.224,33.5,None,questionnaire1,None
2025-11-12 16:22:09.359,33.5,None,questionnaire1,None
2025-11-12 16:22:09.483,33.5,None,questionnaire1,None
2025-11-12 16:22:09.645,33.5,None,questionnaire1,None
2025-11-12 16:22:09.758,33.5,None,questionnaire1,None
2025-11-12 16:22:09.956,33.5,None,questionnaire1,None
2025-11-12 16:22:10.083,33.5,None,questionnaire1,None
2025-11-12 16:22:10.168,33.5,None,questionnaire1,None
2025-11-12 16:22:10.263,33.5,None,questionnaire1,None
2025-11-12 16:22:10.445,33.5,None,questionnaire1,None
2025-11-12 16:22:10.584,33.5,None,questionnaire1,None
2025-11-12 16:22:10.686,33.5,None,questionnaire1,None
2025-11-12 16:22:10.878,33.5,None,questionnaire1,None
2025-11-12 16:22:10.964,33.5,None,questionnaire1,None
2025-11-12 16:22:11.103,33.5,None,interval1,None
2025-11-12 16:22:11.298,33.5,None,interval1,None
2025-11-12 16:22:11.403,33.5,None,interval1,None
2025-11-12 16:22:11.492,33.5,None,interval1,None
2025-11-12 16:22:11.620,33.5,None,interval1,None
2025-11-12 16:22:11.730,33.5,None,interval1,None
2025-11-12 16:22:11.894,33.5,None,interval1,None
2025-11-12 16:22:12.042,33.5,None,interval1,None
2025-11-12 16:22:12.152,33.5,None,interval1,None
2025-11-12 16:22:12.326,33.5,None,interval1,None
2025-11-12 16:22:12.410,33.5,None,interval1,None
2025-11-12 16:22:12.563,33.5,None,interval1,None
2025-11-12 16:22:12.739,33.5,None,interval1,None
2025-11-12 16:22:12.843,33.5,None,interval1,None
2025-11-12 16:22:13.025,33.5,None,interval1,None
2025-11-12 16:22:13.078,33.5,None,interval1,None
2025-11-12 16:22:13.244,33.5,None,interval1,None
2025-11-12 16:22:13.361,33.5,None,interval1,None
2025-11-12 16:22:13.541,33.5,None,interval1,None
2025-11-12 16:22:13.637,33.5,None,interval1,None
2025-11-12 16:22:13.761,33.5,None,interval1,None
2025-11-12 16:22:13.969,33.5,None,interval1,None
2025-11-12 16:22:14.056,33.5,None,interval1,None
2025-11-12 16:22:14.189,33.5,None,interval1,None
2025-11-12 16:22:14.285,33.5,None,interval1,None
2025-11-12 16:22:14.462,33.5,None,interval1,None
2025-11-12 16:22:14.560,33.5,None,interval1,None
2025-11-12 16:22:14.624,33.5,None,interval1,None
2025-11-12 16:22:14.886,33.5,None,interval1,None
2025-11-12 16:22:14.998,33.5,None,interval1,None
2025-11-12 16:22:15.171,33.5,None,interval1,None
2025-11-12 16:22:15.171,33.5,None,interval1,None
2025-11-12 16:22:15.412,33.5,None,interval1,None
2025-11-12 16:22:15.485,33.5,None,interval1,None
2025-11-12 16:22:15.695,33.5,None,interval1,None
2025-11-12 16:22:15.784,33.5,None,interval1,None
2025-11-12 16:22:15.899,33.5,None,interval1,None
2025-11-12 16:22:16.086,33.6,None,interval1,None
2025-11-12 16:22:16.173,33.5,None,interval1,None
2025-11-12 16:22:16.302,33.5,None,interval1,None
2025-11-12 16:22:16.427,33.6,None,interval1,None
2025-11-12 16:22:16.608,33.5,None,interval1,None
2025-11-12 16:22:16.714,33.5,None,interval1,None
2025-11-12 16:22:16.857,33.6,None,interval1,None
2025-11-12 16:22:17.039,33.5,None,interval1,None
2025-11-12 16:22:17.126,33.5,None,interval1,None
2025-11-12 16:22:17.371,33.6,None,interval1,None
2025-11-12 16:22:17.371,33.6,None,interval1,None
2025-11-12 16:22:17.543,33.6,None,interval1,None
2025-11-12 16:22:17.646,33.6,None,interval1,None
2025-11-12 16:22:17.880,33.6,None,interval1,None
2025-11-12 16:22:17.960,33.6,None,interval1,None
2025-11-12 16:22:18.061,33.6,None,interval1,None
2025-11-12 16:22:18.243,33.6,None,interval1,None
2025-11-12 16:22:18.312,33.6,None,interval1,None
2025-11-12 16:22:18.563,33.6,None,interval1,None
2025-11-12 16:22:18.563,33.6,None,interval1,None
2025-11-12 16:22:18.746,33.6,None,interval1,None
2025-11-12 16:22:18.861,33.6,None,interval1,None
2025-11-12 16:22:18.992,33.6,None,interval1,None
2025-11-12 16:22:19.046,33.6,None,interval1,None
2025-11-12 16:22:19.283,33.6,None,interval1,None
2025-11-12 16:22:19.419,33.6,None,interval1,None
2025-11-12 16:22:19.601,33.6,None,interval1,None
2025-11-12 16:22:19.672,33.6,None,interval1,None
2025-11-12 16:22:19.780,33.6,None,interval1,None
2025-11-12 16:22:19.934,33.6,None,interval1,None
2025-11-12 16:22:20.114,33.6,None,interval1,None
2025-11-12 16:22:20.196,33.6,None,interval1,None
2025-11-12 16:22:20.358,33.6,None,interval1,None
2025-11-12 16:22:20.496,33.6,None,interval1,None
2025-11-12 16:22:20.560,33.6,None,interval1,None
2025-11-12 16:22:20.724,33.6,None,interval1,None
2025-11-12 16:22:20.922,33.6,None,interval1,None
2025-11-12 16:22:20.968,33.6,None,interval1,None
2025-11-12 16:22:21.106,33.6,None,interval1,None
2025-11-12 16:22:21.223,33.6,None,interval1,None
2025-11-12 16:22:21.418,33.6,None,interval1,None
2025-11-12 16:22:21.570,33.6,None,interval1,None
2025-11-12 16:22:21.651,33.6,None,interval1,None
2025-11-12 16:22:21.828,33.6,None,interval1,None
2025-11-12 16:22:21.942,33.6,None,interval1,None
2025-11-12 16:22:22.119,33.6,None,interval1,None
2025-11-12 16:22:22.183,33.6,None,interval1,None
2025-11-12 16:22:22.363,33.6,None,interval1,None
2025-11-12 16:22:22.512,33.6,None,interval1,None
2025-11-12 16:22:22.600,33.6,None,interval1,None
2025-11-12 16:22:22.769,33.6,None,interval1,None
2025-11-12 16:22:22.866,33.6,None,interval1,None
2025-11-12 16:22:23.059,33.6,None,interval1,None
2025-11-12 16:22:23.146,33.6,None,interval1,None
2025-11-12 16:22:23.281,33.6,None,interval1,None
2025-11-12 16:22:23.474,33.6,None,interval1,None
2025-11-12 16:22:23.549,33.6,None,interval1,None
2025-11-12 16:22:23.719,33.6,None,interval1,None
2025-11-12 16:22:23.797,33.6,None,interval1,None
2025-11-12 16:22:23.994,33.6,None,interval1,None
2025-11-12 16:22:24.104,33.6,None,interval1,None
2025-11-12 16:22:24.219,33.6,None,interval1,None
2025-11-12 16:22:24.408,33.6,None,interval1,None
2025-11-12 16:22:24.509,33.6,None,interval1,None
2025-11-12 16:22:24.604,33.6,None,interval1,None
2025-11-12 16:22:24.742,33.6,None,interval1,None
2025-11-12 16:22:24.922,33.6,None,interval1,None
2025-11-12 16:22:25.029,33.6,None,interval1,None
2025-11-12 16:22:25.117,33.6,None,interval1,None
2025-11-12 16:22:25.352,33.6,None,interval1,None
2025-11-12 16:22:25.444,33.6,None,interval1,None
2025-11-12 16:22:25.678,33.6,None,interval1,None
2025-11-12 16:22:25.678,33.6,None,interval1,None
2025-11-12 16:22:25.866,33.6,None,interval1,None
2025-11-12 16:22:26.055,33.6,None,interval1,None
2025-11-12 16:22:26.151,33.6,None,interval1,None
2025-11-12 16:22:26.222,33.6,None,interval1,None
2025-11-12 16:22:26.351,33.6,None,interval1,None
2025-11-12 16:22:26.536,33.6,None,interval1,None
2025-11-12 16:22:26.629,33.6,None,interval1,None
2025-11-12 16:22:26.803,33.6,None,interval1,None
2025-11-12 16:22:26.881,33.6,None,interval1,None
2025-11-12 16:22:27.074,33.6,None,interval1,None
2025-11-12 16:22:27.177,33.6,None,interval1,None
2025-11-12 16:22:27.330,33.6,None,interval1,None
2025-11-12 16:22:27.497,33.6,None,interval1,None
2025-11-12 16:22:27.596,33.6,None,interval1,None
2025-11-12 16:22:27.736,33.6,None,interval1,None
2025-11-12 16:22:27.824,33.6,None,interval1,None
2025-11-12 16:22:28.006,33.6,None,interval1,None
2025-11-12 16:22:28.114,33.6,None,interval1,None
2025-11-12 16:22:28.261,33.6,None,interval1,None
2025-11-12 16:22:28.351,33.6,None,interval1,None
2025-11-12 16:22:28.533,33.6,None,interval1,None
2025-11-12 16:22:28.668,33.6,None,interval1,None
2025-11-12 16:22:28.770,33.6,None,interval1,None
2025-11-12 16:22:28.946,33.6,None,interval1,None
2025-11-12 16:22:29.048,33.6,None,interval1,None
2025-11-12 16:22:29.235,33.6,None,interval1,None
2025-11-12 16:22:29.306,33.6,None,interval1,None
2025-11-12 16:22:29.443,33.6,None,interval1,None
2025-11-12 16:22:29.657,33.6,None,interval1,None
2025-11-12 16:22:29.720,33.6,None,interval1,None
2025-11-12 16:22:29.872,33.6,None,interval1,None
2025-11-12 16:22:29.974,33.6,None,interval1,None
2025-11-12 16:22:30.154,33.6,None,interval1,None
2025-11-12 16:22:30.257,33.6,None,interval1,None
2025-11-12 16:22:30.395,33.6,None,interval1,None
2025-11-12 16:22:30.578,33.6,None,interval1,None
2025-11-12 16:22:30.675,33.6,None,interval1,None
2025-11-12 16:22:30.815,33.6,None,interval1,None
2025-11-12 16:22:30.988,33.6,None,interval1,None
2025-11-12 16:22:31.124,33.6,None,interval1,None
2025-11-12 16:22:31.293,33.6,None,interval1,None
2025-11-12 16:22:31.321,33.6,None,interval1,None
2025-11-12 16:22:31.443,33.6,None,interval1,None
2025-11-12 16:22:31.591,33.6,None,interval1,None
2025-11-12 16:22:31.796,33.6,None,interval1,None
2025-11-12 16:22:31.862,33.6,None,interval1,None
2025-11-12 16:22:32.027,33.6,None,interval1,None
2025-11-12 16:22:32.128,33.6,None,interval1,None
2025-11-12 16:22:32.321,33.6,None,interval1,None
2025-11-12 16:22:32.453,33.6,None,interval1,None
2025-11-12 16:22:32.541,33.6,None,interval1,None
2025-11-12 16:22:32.747,33.6,None,interval1,None
2025-11-12 16:22:32.882,33.6,None,interval1,None
2025-11-12 16:22:32.959,33.6,None,interval1,None
2025-11-12 16:22:33.064,33.6,None,interval1,None
2025-11-12 16:22:33.278,33.6,None,interval1,None
2025-11-12 16:22:33.334,33.6,None,interval1,None
2025-11-12 16:22:33.418,33.6,None,interval1,None
2025-11-12 16:22:33.659,33.6,None,interval1,None
2025-11-12 16:22:33.756,33.6,None,interval1,None
2025-11-12 16:22:34.008,33.6,None,interval1,None
2025-11-12 16:22:34.008,33.6,None,interval1,None
2025-11-12 16:22:34.192,33.6,None,interval1,None
2025-11-12 16:22:34.286,33.6,None,interval1,None
2025-11-12 16:22:34.512,33.6,None,interval1,None
2025-11-12 16:22:34.512,33.6,None,interval1,None
2025-11-12 16:22:34.679,33.6,None,interval1,None
2025-11-12 16:22:34.877,33.6,None,interval1,None
2025-11-12 16:22:34.949,33.6,None,interval1,None
2025-11-12 16:22:35.096,33.6,None,interval1,None
2025-11-12 16:22:35.207,33.6,None,interval1,None
2025-11-12 16:22:35.385,33.6,None,interval1,None
2025-11-12 16:22:35.539,33.6,None,interval1,None
2025-11-12 16:22:35.633,33.6,None,interval1,None
2025-11-12 16:22:35.811,33.6,None,interval1,None
2025-11-12 16:22:35.909,33.6,None,interval1,None
2025-11-12 16:22:36.133,33.6,None,interval1,None
2025-11-12 16:22:36.227,33.6,None,interval1,None
2025-11-12 16:22:36.322,33.6,None,interval1,None
2025-11-12 16:22:36.482,33.6,None,interval1,None
2025-11-12 16:22:36.566,33.6,None,interval1,None
2025-11-12 16:22:36.750,33.6,None,interval1,None
2025-11-12 16:22:36.827,33.6,None,interval1,None
2025-11-12 16:22:36.993,33.6,None,interval1,None
2025-11-12 16:22:37.084,33.6,None,interval1,None
2025-11-12 16:22:37.246,33.6,None,interval1,None
2025-11-12 16:22:37.362,33.6,None,interval1,None
2025-11-12 16:22:37.510,33.6,None,interval1,None
2025-11-12 16:22:37.680,33.6,None,interval1,None
2025-11-12 16:22:37.773,33.6,None,interval1,None
2025-11-12 16:22:37.963,33.6,None,interval1,None
2025-11-12 16:22:38.060,33.6,None,interval1,None
2025-11-12 16:22:38.197,33.6,None,interval1,None
2025-11-12 16:22:38.403,33.6,None,interval1,None
2025-11-12 16:22:38.447,33.6,None,interval1,None
2025-11-12 16:22:38.662,33.6,None,interval1,None
2025-11-12 16:22:38.713,33.6,None,interval1,None
2025-11-12 16:22:38.884,33.6,None,interval1,None
2025-11-12 16:22:38.978,33.6,None,interval1,None
2025-11-12 16:22:39.174,33.6,None,interval1,None
2025-11-12 16:22:39.242,33.6,None,interval1,None
2025-11-12 16:22:39.434,33.6,None,interval1,None
2025-11-12 16:22:39.590,33.6,None,interval1,None
2025-11-12 16:22:39.641,33.6,None,interval1,None
2025-11-12 16:22:39.838,33.6,None,interval1,None
2025-11-12 16:22:39.910,33.6,None,interval1,None
2025-11-12 16:22:40.109,33.6,None,interval1,None
2025-11-12 16:22:40.212,33.6,None,interval1,None
2025-11-12 16:22:40.332,33.6,None,interval1,None
2025-11-12 16:22:40.497,33.6,None,interval1,None
2025-11-12 16:22:40.600,33.6,None,interval1,None
2025-11-12 16:22:40.755,33.6,None,interval1,None
2025-11-12 16:22:40.853,33.6,None,interval1,None
2025-11-12 16:22:41.047,33.6,None,interval1,None
2025-11-12 16:22:41.205,33.6,None,interval1,None
2025-11-12 16:22:41.295,33.6,None,interval1,None
2025-11-12 16:22:41.412,33.6,None,interval1,None
2025-11-12 16:22:41.561,33.6,None,interval1,None
2025-11-12 16:22:41.754,33.6,None,interval1,None
2025-11-12 16:22:41.754,33.6,None,interval1,None
2025-11-12 16:22:41.963,33.6,None,interval1,None
2025-11-12 16:22:42.064,33.6,None,interval1,None
2025-11-12 16:22:42.237,33.6,None,interval1,None
2025-11-12 16:22:42.412,33.6,None,interval1,None
2025-11-12 16:22:42.483,33.6,None,interval1,None
2025-11-12 16:22:42.674,33.6,None,interval1,None
2025-11-12 16:22:42.822,33.6,None,interval1,None
2025-11-12 16:22:42.894,33.6,None,interval1,None
2025-11-12 16:22:43.006,33.6,None,interval1,None
2025-11-12 16:22:43.161,33.6,None,interval1,None
2025-11-12 16:22:43.343,33.6,None,interval1,None
2025-11-12 16:22:43.343,33.6,None,interval1,None
2025-11-12 16:22:43.612,33.6,None,interval1,None
2025-11-12 16:22:43.709,33.6,None,interval1,None
2025-11-12 16:22:43.912,33.6,None,interval1,None
2025-11-12 16:22:43.912,33.6,None,interval1,None
2025-11-12 16:22:44.128,33.6,None,interval1,None
2025-11-12 16:22:44.297,33.6,None,interval1,None
2025-11-12 16:22:44.360,33.6,None,interval1,None
2025-11-12 16:22:44.472,33.6,None,interval1,None
2025-11-12 16:22:44.643,33.6,None,interval1,None
2025-11-12 16:22:44.814,33.6,None,interval1,None
2025-11-12 16:22:44.899,33.6,None,interval1,None
2025-11-12 16:22:45.062,33.6,None,interval1,None
2025-11-12 16:22:45.160,33.6,None,interval1,None
2025-11-12 16:22:45.300,33.6,None,interval1,None
2025-11-12 16:22:45.509,33.6,None,interval1,None
2025-11-12 16:22:45.599,33.6,None,interval1,None
2025-11-12 16:22:45.780,33.6,None,interval1,None
2025-11-12 16:22:45.849,33.6,None,interval1,None
2025-11-12 16:22:45.996,33.6,None,interval1,None
2025-11-12 16:22:46.105,33.6,None,interval1,None
2025-11-12 16:22:46.258,33.6,None,interval1,None
2025-11-12 16:22:46.390,33.6,None,interval1,None
2025-11-12 16:22:46.529,33.6,None,interval1,None
2025-11-12 16:22:46.716,33.6,None,interval1,None
2025-11-12 16:22:46.807,33.6,None,interval1,None
2025-11-12 16:22:46.948,33.6,None,interval1,None
2025-11-12 16:22:47.035,33.6,None,interval1,None
2025-11-12 16:22:47.225,33.6,None,interval1,None
2025-11-12 16:22:47.324,33.6,None,interval1,None
2025-11-12 16:22:47.460,33.6,None,interval1,None
2025-11-12 16:22:47.621,33.6,None,interval1,None
2025-11-12 16:22:47.749,33.6,None,interval1,None
2025-11-12 16:22:47.819,33.6,None,music2,None
2025-11-12 16:22:47.967,33.6,None,music2,None
2025-11-12 16:22:48.148,33.6,None,music2,None
2025-11-12 16:22:48.340,33.6,None,music2,None
2025-11-12 16:22:48.340,33.6,None,music2,None
2025-11-12 16:22:48.602,33.7,None,music2,None
2025-11-12 16:22:48.656,33.6,None,music2,None
2025-11-12 16:22:48.851,33.7,None,music2,None
2025-11-12 16:22:48.952,33.6,None,music2,None
2025-11-12 16:22:49.228,33.6,None,music2,None
2025-11-12 16:22:49.256,33.6,None,music2,None
2025-11-12 16:22:49.342,33.6,None,music2,None
2025-11-12 16:22:49.511,33.7,None,music2,None
2025-11-12 16:22:49.612,33.7,None,music2,None
2025-11-12 16:22:49.795,33.6,None,music2,None
2025-11-12 16:22:49.845,33.7,None,music2,None
2025-11-12 16:22:50.031,33.7,None,music2,None
2025-11-12 16:22:50.190,33.7,None,music2,None
2025-11-12 16:22:50.288,33.7,None,music2,None
2025-11-12 16:22:50.410,33.7,None,music2,None
2025-11-12 16:22:50.550,33.6,None,music2,None
2025-11-12 16:22:50.710,33.7,None,music2,None
2025-11-12 16:22:50.808,33.7,None,music2,None
2025-11-12 16:22:50.970,33.7,None,music2,None
2025-11-12 16:22:51.068,33.6,None,music2,None
2025-11-12 16:22:51.238,33.7,None,music2,None
2025-11-12 16:22:51.327,33.7,None,music2,None
2025-11-12 16:22:51.560,33.7,None,music2,None
2025-11-12 16:22:51.570,33.7,None,music2,None
2025-11-12 16:22:51.765,33.6,None,music2,None
2025-11-12 16:22:51.947,33.7,None,music2,None
2025-11-12 16:22:51.982,33.7,None,music2,None
2025-11-12 16:22:52.262,33.7,None,music2,None
2025-11-12 16:22:52.262,33.7,None,music2,None
2025-11-12 16:22:52.456,33.7,None,music2,None
2025-11-12 16:22:52.701,33.7,None,music2,None
2025-11-12 16:22:52.704,33.7,None,music2,None
2025-11-12 16:22:52.864,33.7,None,music2,None
2025-11-12 16:22:53.061,33.7,None,music2,None
2025-11-12 16:22:53.107,33.7,None,music2,None
2025-11-12 16:22:53.297,33.7,None,music2,None
2025-11-12 16:22:53.355,33.7,None,music2,None
2025-11-12 16:22:53.482,33.7,None,music2,None
2025-11-12 16:22:53.609,33.7,None,music2,None
2025-11-12 16:22:53.789,33.7,None,music2,None
2025-11-12 16:22:53.885,33.7,None,music2,None
2025-11-12 16:22:54.154,33.7,None,music2,None
2025-11-12 16:22:54.186,33.7,None,music2,None
2025-11-12 16:22:54.319,33.7,None,music2,None
2025-11-12 16:22:54.417,33.7,None,music2,None
2025-11-12 16:22:54.560,33.7,None,music2,None
2025-11-12 16:22:54.835,33.7,None,music2,None
2025-11-12 16:22:54.839,33.7,None,music2,None
2025-11-12 16:22:55.027,33.7,None,music2,None
2025-11-12 16:22:55.117,33.7,None,music2,None
2025-11-12 16:22:55.252,33.7,None,music2,None
2025-11-12 16:22:55.339,33.7,None,music2,None
2025-11-12 16:22:55.539,33.7,None,music2,None
2025-11-12 16:22:55.677,33.7,None,music2,None
2025-11-12 16:22:55.747,33.7,None,music2,None
2025-11-12 16:22:55.961,33.7,None,music2,None
2025-11-12 16:22:56.150,33.7,None,music2,None
2025-11-12 16:22:56.150,33.7,None,music2,None
2025-11-12 16:22:56.282,33.7,None,music2,None
2025-11-12 16:22:56.462,33.7,None,music2,None
2025-11-12 16:22:56.709,33.7,None,music2,None
2025-11-12 16:22:56.719,33.7,None,music2,None
2025-11-12 16:22:56.892,33.7,None,music2,None
2025-11-12 16:22:56.971,33.7,None,music2,None
2025-11-12 16:22:57.135,33.7,None,music2,None
2025-11-12 16:22:57.244,33.7,None,music2,None
2025-11-12 16:22:57.500,33.7,None,music2,None
2025-11-12 16:22:57.500,33.7,None,music2,None
2025-11-12 16:22:57.661,33.7,None,music2,None
2025-11-12 16:22:57.763,33.7,None,music2,None
2025-11-12 16:22:57.908,33.7,None,music2,None
2025-11-12 16:22:58.111,33.7,None,music2,None
2025-11-12 16:22:58.213,33.7,None,music2,None
2025-11-12 16:22:58.348,33.7,None,music2,None
2025-11-12 16:22:58.421,33.7,None,music2,None
2025-11-12 16:22:58.629,33.7,None,music2,None
2025-11-12 16:22:58.863,33.7,None,music2,None
2025-11-12 16:22:58.911,33.7,None,music2,None
2025-11-12 16:22:59.046,33.7,None,music2,None
2025-11-12 16:22:59.140,33.7,None,music2,None
2025-11-12 16:22:59.268,33.7,None,music2,None
2025-11-12 16:22:59.369,33.7,None,music2,None
2025-11-12 16:22:59.548,33.7,None,music2,None
2025-11-12 16:22:59.633,33.7,None,music2,None
2025-11-12 16:22:59.791,33.7,None,music2,None
2025-11-12 16:22:59.988,33.7,None,music2,None
2025-11-12 16:23:00.048,33.7,None,music2,None
2025-11-12 16:23:00.276,33.7,None,music2,None
2025-11-12 16:23:00.313,33.7,None,music2,None
2025-11-12 16:23:00.503,33.7,None,music2,None
2025-11-12 16:23:00.681,33.7,None,music2,None
2025-11-12 16:23:00.785,33.7,None,music2,None
2025-11-12 16:23:01.020,33.7,None,music2,None
2025-11-12 16:23:01.430,33.7,None,music2,None
2025-11-12 16:23:01.442,33.7,None,music2,None
2025-11-12 16:23:01.442,33.7,None,music2,None
2025-11-12 16:23:01.591,33.7,None,music2,None
2025-11-12 16:23:01.591,33.7,None,music2,None
2025-11-12 16:23:01.683,33.7,None,music2,None
2025-11-12 16:23:01.847,33.7,None,music2,None
2025-11-12 16:23:01.883,33.7,None,music2,None
2025-11-12 16:23:02.108,33.7,None,music2,None
2025-11-12 16:23:02.211,33.7,None,music2,None
2025-11-12 16:23:02.362,33.7,None,music2,None
2025-11-12 16:23:02.526,33.7,None,music2,None
2025-11-12 16:23:02.628,33.7,None,music2,None
2025-11-12 16:23:02.829,33.7,None,music2,None
2025-11-12 16:23:02.924,33.7,None,music2,None
2025-11-12 16:23:03.051,33.7,None,music2,None
2025-11-12 16:23:03.447,33.7,None,music2,None
2025-11-12 16:23:03.447,33.7,None,music2,None
2025-11-12 16:23:03.490,33.7,None,music2,None
2025-11-12 16:23:03.555,33.7,None,music2,None
2025-11-12 16:23:03.760,33.7,None,music2,None
2025-11-12 16:23:03.995,33.7,None,music2,None
2025-11-12 16:23:04.029,33.7,None,music2,None
2025-11-12 16:23:04.073,33.7,None,music2,None
2025-11-12 16:23:04.268,33.7,None,music2,None
2025-11-12 16:23:04.455,33.7,None,music2,None
2025-11-12 16:23:04.554,33.7,None,music2,None
2025-11-12 16:23:04.608,33.7,None,music2,None
2025-11-12 16:23:04.800,33.7,None,music2,None
2025-11-12 16:23:04.980,33.7,None,music2,None
2025-11-12 16:23:05.119,33.7,None,music2,None
2025-11-12 16:23:05.186,33.7,None,music2,None
2025-11-12 16:23:05.299,33.7,None,music2,None
2025-11-12 16:23:05.498,33.7,None,music2,None
2025-11-12 16:23:05.586,33.7,None,music2,None
2025-11-12 16:23:05.717,33.7,None,music2,None
2025-11-12 16:23:05.895,33.7,None,music2,None
2025-11-12 16:23:06.011,33.7,None,music2,None
2025-11-12 16:23:06.151,33.7,None,music2,None
2025-11-12 16:23:06.237,33.7,None,music2,None
2025-11-12 16:23:06.529,33.7,None,music2,None
2025-11-12 16:23:06.531,33.7,None,music2,None
2025-11-12 16:23:06.581,33.7,None,music2,None
2025-11-12 16:23:06.829,33.7,None,music2,None
2025-11-12 16:23:06.928,33.7,None,music2,None
2025-11-12 16:23:07.172,33.7,None,music2,None
2025-11-12 16:23:07.172,33.7,None,music2,None
2025-11-12 16:23:07.341,33.7,None,music2,None
2025-11-12 16:23:07.440,33.7,None,music2,None
2025-11-12 16:23:07.614,33.7,None,music2,None
2025-11-12 16:23:07.715,33.7,None,music2,None
2025-11-12 16:23:07.849,33.7,None,music2,None
2025-11-12 16:23:08.077,33.7,None,music2,None
2025-11-12 16:23:08.121,33.7,None,music2,None
2025-11-12 16:23:08.310,33.7,None,music2,None
2025-11-12 16:23:08.378,33.7,None,music2,None
2025-11-12 16:23:08.545,33.7,None,music2,None
2025-11-12 16:23:08.631,33.7,None,music2,None
2025-11-12 16:23:08.803,33.7,None,music2,None
2025-11-12 16:23:08.986,33.7,None,music2,None
2025-11-12 16:23:09.144,33.7,None,music2,None
2025-11-12 16:23:09.239,33.7,None,music2,None
2025-11-12 16:23:09.315,33.7,None,music2,None
2025-11-12 16:23:09.490,33.7,None,music2,None
2025-11-12 16:23:09.646,33.7,None,music2,None
2025-11-12 16:23:09.738,33.7,None,music2,None
2025-11-12 16:23:09.839,33.7,None,music2,None
2025-11-12 16:23:10.017,33.7,None,music2,None
2025-11-12 16:23:10.173,33.7,None,music2,None
2025-11-12 16:23:10.265,33.7,None,music2,None
2025-11-12 16:23:10.427,33.7,None,music2,None
2025-11-12 16:23:10.540,33.7,None,music2,None
2025-11-12 16:23:10.676,33.7,None,music2,None
2025-11-12 16:23:10.859,33.7,None,music2,None
2025-11-12 16:23:10.939,33.7,None,music2,None
2025-11-12 16:23:11.136,33.7,None,music2,None
2025-11-12 16:23:11.188,33.7,None,music2,None
2025-11-12 16:23:11.359,33.7,None,music2,None
2025-11-12 16:23:11.465,33.7,None,music2,None
2025-11-12 16:23:11.642,33.7,None,music2,None
2025-11-12 16:23:11.748,33.7,None,music2,None
2025-11-12 16:23:11.862,33.7,None,music2,None
2025-11-12 16:23:12.046,33.7,None,music2,None
2025-11-12 16:23:12.147,33.7,None,music2,None
2025-11-12 16:23:12.292,33.7,None,music2,None
2025-11-12 16:23:12.465,33.7,None,music2,None
2025-11-12 16:23:12.609,33.7,None,music2,None
2025-11-12 16:23:12.676,33.7,None,music2,None
2025-11-12 16:23:12.809,33.7,None,music2,None
2025-11-12 16:23:12.938,33.7,None,music2,None
2025-11-12 16:23:13.079,33.7,None,music2,None
2025-11-12 16:23:13.226,33.7,None,music2,None
2025-11-12 16:23:13.604,33.7,None,music2,None
2025-11-12 16:23:13.680,33.7,None,music2,None
2025-11-12 16:23:13.706,33.7,None,music2,None
2025-11-12 16:23:13.742,33.7,None,music2,None
2025-11-12 16:23:13.916,33.7,None,music2,None
2025-11-12 16:23:14.154,33.7,None,music2,None
2025-11-12 16:23:14.179,33.7,None,music2,None
2025-11-12 16:23:14.354,33.7,None,music2,None
2025-11-12 16:23:14.422,33.7,None,music2,None
2025-11-12 16:23:14.582,33.7,None,music2,None
2025-11-12 16:23:14.686,33.7,None,music2,None
2025-11-12 16:23:14.837,33.7,None,music2,None
2025-11-12 16:23:15.027,33.7,None,music2,None
2025-11-12 16:23:15.131,33.7,None,music2,None
2025-11-12 16:23:15.283,33.7,None,music2,None
2025-11-12 16:23:15.376,33.7,None,music2,None
2025-11-12 16:23:15.550,33.7,None,music2,None
2025-11-12 16:23:15.645,33.7,None,music2,None
2025-11-12 16:23:15.794,33.7,None,music2,None
2025-11-12 16:23:15.882,33.7,None,music2,None
2025-11-12 16:23:16.072,33.7,None,music2,None
2025-11-12 16:23:16.250,33.7,None,music2,None
2025-11-12 16:23:16.304,33.7,None,music2,None
2025-11-12 16:23:16.496,33.7,None,music2,None
2025-11-12 16:23:16.595,33.7,None,music2,None
2025-11-12 16:23:16.748,33.7,None,music2,None
2025-11-12 16:23:16.834,33.7,None,music2,None
2025-11-12 16:23:17.112,33.7,None,music2,None
2025-11-12 16:23:17.214,33.7,None,music2,None
2025-11-12 16:23:17.214,33.7,None,music2,None
2025-11-12 16:23:17.511,33.7,None,music2,None
2025-11-12 16:23:17.512,33.7,None,music2,None
2025-11-12 16:23:17.727,33.7,None,music2,None
2025-11-12 16:23:17.770,33.7,None,music2,None
2025-11-12 16:23:17.930,33.7,None,music2,None
2025-11-12 16:23:18.139,33.7,None,music2,None
2025-11-12 16:23:18.227,33.7,None,music2,None
2025-11-12 16:23:18.284,33.7,None,music2,None
2025-11-12 16:23:18.453,33.7,None,music2,None
2025-11-12 16:23:18.636,33.7,None,music2,None
2025-11-12 16:23:18.790,33.7,None,music2,None
2025-11-12 16:23:18.877,33.7,None,music2,None
2025-11-12 16:23:19.063,33.7,None,music2,None
2025-11-12 16:23:19.360,33.7,None,music2,None
2025-11-12 16:23:19.364,33.7,None,music2,None
2025-11-12 16:23:19.405,33.7,None,music2,None
2025-11-12 16:23:19.582,33.7,None,music2,None
2025-11-12 16:23:19.678,33.7,None,music2,None
2025-11-12 16:23:19.998,33.8,None,music2,None
2025-11-12 16:23:19.998,33.7,None,music2,None
2025-11-12 16:23:20.096,33.7,None,music2,None
2025-11-12 16:23:20.238,33.7,None,music2,None
2025-11-12 16:23:20.350,33.8,None,music2,None
2025-11-12 16:23:20.455,33.7,None,music2,None
2025-11-12 16:23:20.703,33.7,None,music2,None
2025-11-12 16:23:20.762,33.8,None,music2,None
2025-11-12 16:23:20.937,33.7,None,music2,None
2025-11-12 16:23:21.046,33.8,None,music2,None
2025-11-12 16:23:21.229,33.7,None,music2,None
2025-11-12 16:23:21.294,33.7,None,music2,None
2025-11-12 16:23:21.656,33.7,None,music2,None
2025-11-12 16:23:21.656,33.8,None,music2,None
2025-11-12 16:23:21.823,33.8,None,music2,None
2025-11-12 16:23:21.870,33.8,None,music2,None
2025-11-12 16:23:21.976,33.8,None,music2,None
2025-11-12 16:23:22.166,33.7,None,music2,None
2025-11-12 16:23:22.308,33.8,None,music2,None
2025-11-12 16:23:22.404,33.8,None,music2,None
2025-11-12 16:23:22.568,33.7,None,music2,None
2025-11-12 16:23:22.680,33.8,None,music2,None
2025-11-12 16:23:22.760,33.8,None,music2,None
2025-11-12 16:23:22.910,33.8,None,music2,None
2025-11-12 16:23:23.094,33.8,None,music2,None
2025-11-12 16:23:23.154,33.8,None,music2,None
2025-11-12 16:23:23.335,33.8,None,music2,None
2025-11-12 16:23:23.461,33.8,None,music2,None
2025-11-12 16:23:23.704,33.8,None,music2,None
2025-11-12 16:23:23.794,33.8,None,music2,None
2025-11-12 16:23:23.859,33.8,None,music2,None
2025-11-12 16:23:24.019,33.8,None,music2,None
2025-11-12 16:23:24.128,33.8,None,music2,None
2025-11-12 16:23:24.302,33.8,None,music2,None
2025-11-12 16:23:24.365,33.8,None,music2,None
2025-11-12 16:23:24.548,33.8,None,music2,None
2025-11-12 16:23:24.627,33.8,None,music2,None
2025-11-12 16:23:24.783,33.8,None,music2,None
2025-11-12 16:23:24.910,33.8,None,music2,None
2025-11-12 16:23:25.140,33.8,None,music2,None
2025-11-12 16:23:25.222,33.8,None,music2,None
2025-11-12 16:23:25.389,33.8,None,music2,None
2025-11-12 16:23:25.658,33.8,None,music2,None
2025-11-12 16:23:25.700,33.8,None,music2,None
2025-11-12 16:23:25.863,33.8,None,music2,None
2025-11-12 16:23:25.924,33.8,None,music2,None
2025-11-12 16:23:26.019,33.8,None,music2,None
2025-11-12 16:23:26.118,33.8,None,music2,None
2025-11-12 16:23:26.239,33.8,None,music2,None
2025-11-12 16:23:26.571,33.8,None,music2,None
2025-11-12 16:23:26.643,33.8,None,music2,None
2025-11-12 16:23:26.643,33.8,None,music2,None
2025-11-12 16:23:26.765,33.8,None,music2,None
2025-11-12 16:23:26.941,33.8,None,music2,None
2025-11-12 16:23:27.036,33.8,None,music2,None
2025-11-12 16:23:27.136,33.8,None,music2,None
2025-11-12 16:23:27.348,33.8,None,music2,None
2025-11-12 16:23:27.464,33.8,None,music2,None
2025-11-12 16:23:27.654,33.8,None,music2,None
2025-11-12 16:23:27.768,33.8,None,music2,None
2025-11-12 16:23:27.886,33.8,None,music2,None
2025-11-12 16:23:28.076,33.8,None,music2,None
2025-11-12 16:23:28.216,33.8,None,music2,None
2025-11-12 16:23:28.316,33.8,None,music2,None
2025-11-12 16:23:28.378,33.8,None,music2,None
2025-11-12 16:23:28.595,33.8,None,music2,None
2025-11-12 16:23:28.646,33.8,None,music2,None
2025-11-12 16:23:28.819,33.8,None,music2,None
2025-11-12 16:23:28.925,33.8,None,music2,None
2025-11-12 16:23:29.099,33.8,None,music2,None
2025-11-12 16:23:29.244,33.8,None,music2,None
2025-11-12 16:23:29.414,33.8,None,music2,None
2025-11-12 16:23:29.503,33.8,None,music2,None
2025-11-12 16:23:29.612,33.8,None,music2,None
2025-11-12 16:23:29.809,33.8,None,music2,None
2025-11-12 16:23:29.951,33.8,None,music2,None
2025-11-12 16:23:29.962,33.8,None,music2,None
2025-11-12 16:23:30.549,33.8,None,music2,None
2025-11-12 16:23:30.559,33.8,None,music2,None
2025-11-12 16:23:30.637,33.8,None,music2,None
2025-11-12 16:23:30.637,33.8,None,music2,None
2025-11-12 16:23:30.945,33.8,None,music2,None
2025-11-12 16:23:31.168,33.8,None,music2,None
2025-11-12 16:23:31.168,33.8,None,music2,None
2025-11-12 16:23:31.168,33.8,None,music2,None
2025-11-12 16:23:31.242,33.8,None,music2,None
2025-11-12 16:23:31.456,33.8,None,music2,None
2025-11-12 16:23:31.586,33.8,None,music2,None
2025-11-12 16:23:31.658,33.8,None,music2,None
2025-11-12 16:23:31.817,33.8,None,music2,None
2025-11-12 16:23:31.905,33.8,None,music2,None
2025-11-12 16:23:32.205,33.8,None,music2,None
2025-11-12 16:23:32.205,33.8,None,music2,None
2025-11-12 16:23:32.328,33.8,None,music2,None
2025-11-12 16:23:32.478,33.8,None,music2,None
2025-11-12 16:23:32.596,33.8,None,music2,None
2025-11-12 16:23:32.797,33.8,None,music2,None
2025-11-12 16:23:32.883,33.8,None,music2,None
2025-11-12 16:23:33.217,33.8,None,music2,None
2025-11-12 16:23:33.217,33.8,None,music2,None
2025-11-12 16:23:33.291,33.8,None,music2,None
2025-11-12 16:23:33.392,33.8,None,music2,None
2025-11-12 16:23:33.606,33.8,None,music2,None
2025-11-12 16:23:33.726,33.8,None,music2,None
2025-11-12 16:23:33.801,33.8,None,music2,None
2025-11-12 16:23:34.018,33.8,None,music2,None
2025-11-12 16:23:34.048,33.8,None,music2,None
2025-11-12 16:23:34.233,33.8,None,music2,None
2025-11-12 16:23:34.428,33.8,None,music2,None
2025-11-12 16:23:34.727,33.8,None,music2,None
2025-11-12 16:23:34.730,33.8,None,music2,None
2025-11-12 16:23:34.740,33.8,None,music2,None
2025-11-12 16:23:34.936,33.8,None,music2,None
2025-11-12 16:23:35.004,33.8,None,music2,None
2025-11-12 16:23:35.157,33.8,None,music2,None
2025-11-12 16:23:35.342,33.8,None,music2,None
2025-11-12 16:23:35.444,33.8,None,music2,None
2025-11-12 16:23:35.560,33.8,None,music2,None
2025-11-12 16:23:35.685,33.8,None,music2,None
2025-11-12 16:23:35.890,33.8,None,music2,None
2025-11-12 16:23:35.951,33.8,None,music2,None
2025-11-12 16:23:36.069,33.8,None,music2,None
2025-11-12 16:23:36.202,33.8,None,music2,None
2025-11-12 16:23:36.380,33.8,None,music2,None
2025-11-12 16:23:36.477,33.8,None,music2,None
2025-11-12 16:23:36.563,33.8,None,music2,None
2025-11-12 16:23:36.781,33.8,None,music2,None
2025-11-12 16:23:36.899,33.8,None,music2,None
2025-11-12 16:23:37.056,33.8,None,music2,None
2025-11-12 16:23:37.159,33.8,None,music2,None
2025-11-12 16:23:37.321,33.8,None,music2,None
2025-11-12 16:23:37.710,33.8,None,music2,None
2025-11-12 16:23:37.710,33.8,None,music2,None
2025-11-12 16:23:37.912,33.8,None,music2,None
2025-11-12 16:23:37.915,33.8,None,music2,None
2025-11-12 16:23:38.007,33.8,None,music2,None
2025-11-12 16:23:38.228,33.8,None,music2,None
2025-11-12 16:23:38.280,33.8,None,music2,None
2025-11-12 16:23:38.280,33.8,None,music2,None
2025-11-12 16:23:38.531,33.8,None,music2,None
2025-11-12 16:23:38.692,33.8,None,music2,None
2025-11-12 16:23:38.778,33.8,None,music2,None
2025-11-12 16:23:38.945,33.8,None,music2,None
2025-11-12 16:23:39.046,33.8,None,music2,None
2025-11-12 16:23:39.206,33.8,None,music2,None
2025-11-12 16:23:39.281,33.8,None,music2,None
2025-11-12 16:23:39.435,33.8,None,music2,None
2025-11-12 16:23:39.539,33.8,None,music2,None
2025-11-12 16:23:39.697,33.8,None,music2,None
2025-11-12 16:23:39.901,33.8,None,music2,None
2025-11-12 16:23:39.973,33.8,None,music2,None
2025-11-12 16:23:40.286,33.8,None,music2,None
2025-11-12 16:23:40.507,33.8,None,music2,None
2025-11-12 16:23:40.507,33.8,None,music2,None
2025-11-12 16:23:40.564,33.8,None,music2,None
2025-11-12 16:23:40.680,33.8,None,music2,None
2025-11-12 16:23:40.824,33.8,None,music2,None
2025-11-12 16:23:41.088,33.8,None,music2,None
2025-11-12 16:23:41.088,33.8,None,music2,None
2025-11-12 16:23:41.195,33.8,None,music2,None
2025-11-12 16:23:41.326,33.8,None,music2,None
2025-11-12 16:23:41.440,33.8,None,music2,None
2025-11-12 16:23:41.602,33.8,None,music2,None
2025-11-12 16:23:41.768,33.8,None,music2,None
2025-11-12 16:23:41.844,33.8,None,music2,None
2025-11-12 16:23:42.031,33.8,None,music2,None
2025-11-12 16:23:42.125,33.8,None,music2,None
2025-11-12 16:23:42.274,33.8,None,music2,None
2025-11-12 16:23:42.543,33.8,None,music2,None
2025-11-12 16:23:42.646,33.8,None,music2,None
2025-11-12 16:23:42.889,33.8,None,music2,None
2025-11-12 16:23:42.892,33.8,None,music2,None
2025-11-12 16:23:42.969,33.8,None,music2,None
2025-11-12 16:23:43.051,33.8,None,music2,None
2025-11-12 16:23:43.243,33.8,None,music2,None
2025-11-12 16:23:43.398,33.8,None,music2,None
2025-11-12 16:23:43.521,33.8,None,music2,None
2025-11-12 16:23:43.673,33.8,None,music2,None
2025-11-12 16:23:43.746,33.8,None,music2,None
2025-11-12 16:23:43.915,33.8,None,music2,None
2025-11-12 16:23:44.013,33.8,None,music2,None
2025-11-12 16:23:44.161,33.8,None,music2,None
2025-11-12 16:23:44.364,33.8,None,music2,None
2025-11-12 16:23:44.423,33.8,None,music2,None
2025-11-12 16:23:44.657,33.8,None,music2,None
2025-11-12 16:23:44.667,33.8,None,music2,None
2025-11-12 16:23:44.884,33.8,None,music2,None
2025-11-12 16:23:45.045,33.8,None,music2,None
2025-11-12 16:23:45.109,33.8,None,music2,None
2025-11-12 16:23:45.377,33.8,None,music2,None
2025-11-12 16:23:45.586,33.8,None,music2,None
2025-11-12 16:23:45.586,33.8,None,music2,None
2025-11-12 16:23:45.586,33.8,None,music2,None
2025-11-12 16:23:45.802,33.8,None,music2,None
2025-11-12 16:23:45.894,33.8,None,music2,None
2025-11-12 16:23:45.989,33.8,None,music2,None
2025-11-12 16:23:46.221,33.8,None,music2,None
2025-11-12 16:23:46.324,33.8,None,music2,None
2025-11-12 16:23:46.509,33.8,None,music2,None
2025-11-12 16:23:46.612,33.8,None,music2,None
2025-11-12 16:23:46.777,33.8,None,music2,None
2025-11-12 16:23:46.825,33.8,None,music2,None
2025-11-12 16:23:47.066,33.8,None,music2,None
2025-11-12 16:23:47.085,33.8,None,music2,None
2025-11-12 16:23:47.242,33.8,None,music2,None
2025-11-12 16:23:47.526,33.8,None,music2,None
2025-11-12 16:23:47.534,33.8,None,music2,None
2025-11-12 16:23:47.697,33.8,None,music2,None
2025-11-12 16:23:47.697,33.8,None,music2,None
2025-11-12 16:23:47.946,33.8,None,music2,None
2025-11-12 16:23:48.053,33.8,None,music2,None
2025-11-12 16:23:48.236,33.8,None,music2,None
2025-11-12 16:23:48.451,33.8,None,music2,None
2025-11-12 16:23:48.453,33.8,None,music2,None
2025-11-12 16:23:48.619,33.8,None,music2,None
2025-11-12 16:23:48.726,33.8,None,music2,None
2025-11-12 16:23:48.868,33.8,None,music2,None
2025-11-12 16:23:49.188,33.8,None,questionnaire2,None
2025-11-12 16:23:49.252,33.8,None,questionnaire2,None
2025-11-12 16:23:49.362,33.8,None,questionnaire2,None
2025-11-12 16:23:49.362,33.8,None,questionnaire2,None
2025-11-12 16:23:49.678,33.8,None,questionnaire2,None
2025-11-12 16:23:49.774,33.8,None,questionnaire2,None
2025-11-12 16:23:49.994,33.8,None,questionnaire2,None
2025-11-12 16:23:50.097,33.8,None,questionnaire2,None
2025-11-12 16:23:50.097,33.8,None,questionnaire2,None
2025-11-12 16:23:50.291,33.8,None,questionnaire2,None
2025-11-12 16:23:50.441,33.8,None,questionnaire2,None
2025-11-12 16:23:50.524,33.8,None,questionnaire2,None
2025-11-12 16:23:50.680,33.8,None,questionnaire2,None
2025-11-12 16:23:50.803,33.8,None,questionnaire2,None
2025-11-12 16:23:50.949,33.8,None,questionnaire2,None
2025-11-12 16:23:51.013,33.8,None,questionnaire2,None
2025-11-12 16:23:51.328,33.8,None,questionnaire2,None
2025-11-12 16:23:51.332,33.8,None,questionnaire2,None
2025-11-12 16:23:51.468,33.8,None,questionnaire2,None
2025-11-12 16:23:51.536,33.8,None,questionnaire2,None
2025-11-12 16:23:51.727,33.8,None,questionnaire2,None
2025-11-12 16:23:51.969,33.8,None,questionnaire2,None
2025-11-12 16:23:52.069,33.8,None,questionnaire2,None
2025-11-12 16:23:52.144,33.8,None,questionnaire2,None
2025-11-12 16:23:52.240,33.8,None,questionnaire2,None
2025-11-12 16:23:52.411,33.8,None,questionnaire2,None
2025-11-12 16:23:52.492,33.8,None,questionnaire2,None
2025-11-12 16:23:52.671,33.8,None,questionnaire2,None
2025-11-12 16:23:52.910,33.8,None,interval2,None
2025-11-12 16:23:52.911,33.8,None,interval2,None
2025-11-12 16:23:53.075,33.8,None,interval2,None
2025-11-12 16:23:53.178,33.8,None,interval2,None
2025-11-12 16:23:53.381,33.8,None,interval2,None
2025-11-12 16:23:53.587,33.8,None,interval2,None
2025-11-12 16:23:53.597,33.8,None,interval2,None
2025-11-12 16:23:53.792,33.8,None,interval2,None
2025-11-12 16:23:53.871,33.8,None,interval2,None
2025-11-12 16:23:54.020,33.8,None,interval2,None
2025-11-12 16:23:54.310,33.8,None,interval2,None
2025-11-12 16:23:54.310,33.8,None,interval2,None
2025-11-12 16:23:54.395,33.9,None,interval2,None
2025-11-12 16:23:54.532,33.8,None,interval2,None
2025-11-12 16:23:54.710,33.8,None,interval2,None
2025-11-12 16:23:54.818,33.9,None,interval2,None
2025-11-12 16:23:55.012,33.9,None,interval2,None
2025-11-12 16:23:55.080,33.8,None,interval2,None
2025-11-12 16:23:55.232,33.8,None,interval2,None
2025-11-12 16:23:55.320,33.8,None,interval2,None
2025-11-12 16:23:55.472,33.8,None,interval2,None
2025-11-12 16:23:55.645,33.9,None,interval2,None
2025-11-12 16:23:55.743,33.8,None,interval2,None
2025-11-12 16:23:55.923,33.8,None,interval2,None
2025-11-12 16:23:55.996,33.9,None,interval2,None
2025-11-12 16:23:56.174,33.9,None,interval2,None
2025-11-12 16:23:56.259,33.9,None,interval2,None
2025-11-12 16:23:56.446,33.9,None,interval2,None
2025-11-12 16:23:56.542,33.9,None,interval2,None
2025-11-12 16:23:56.668,33.8,None,interval2,None
2025-11-12 16:23:56.871,33.9,None,interval2,None
2025-11-12 16:23:56.927,33.9,None,interval2,None
2025-11-12 16:23:57.107,33.9,None,interval2,None
2025-11-12 16:23:57.187,33.9,None,interval2,None
2025-11-12 16:23:57.366,33.9,None,interval2,None
2025-11-12 16:23:57.459,33.9,None,interval2,None
2025-11-12 16:23:57.634,33.9,None,interval2,None
2025-11-12 16:23:57.722,33.9,None,interval2,None
2025-11-12 16:23:57.897,33.9,None,interval2,None
2025-11-12 16:23:58.078,33.9,None,interval2,None
2025-11-12 16:23:58.170,33.9,None,interval2,None
2025-11-12 16:23:58.316,33.9,None,interval2,None
2025-11-12 16:23:58.392,33.9,None,interval2,None
2025-11-12 16:23:58.586,33.9,None,interval2,None
2025-11-12 16:23:58.697,33.9,None,interval2,None
2025-11-12 16:23:58.807,33.9,None,interval2,None
2025-11-12 16:23:58.993,33.9,None,interval2,None
2025-11-12 16:23:59.113,33.9,None,interval2,None
2025-11-12 16:23:59.268,33.9,None,interval2,None
2025-11-12 16:23:59.268,33.9,None,interval2,None
2025-11-12 16:23:59.508,33.9,None,interval2,None
2025-11-12 16:23:59.608,33.9,None,interval2,None
2025-11-12 16:23:59.824,33.9,None,interval2,None
2025-11-12 16:23:59.947,33.9,None,interval2,None
2025-11-12 16:24:00.127,33.9,None,interval2,None
2025-11-12 16:24:00.191,33.9,None,interval2,None
2025-11-12 16:24:00.377,33.9,None,interval2,None
2025-11-12 16:24:00.461,33.9,None,interval2,None
2025-11-12 16:24:00.547,33.9,None,interval2,None
2025-11-12 16:24:00.880,33.9,None,interval2,None
2025-11-12 16:24:00.880,33.9,None,interval2,None
2025-11-12 16:24:00.979,33.9,None,interval2,None
2025-11-12 16:24:01.143,33.9,None,interval2,None
2025-11-12 16:24:01.242,33.9,None,interval2,None
2025-11-12 16:24:01.457,33.9,None,interval2,None
2025-11-12 16:24:01.564,33.9,None,interval2,None
2025-11-12 16:24:01.663,33.9,None,interval2,None
2025-11-12 16:24:01.761,33.9,None,interval2,None
2025-11-12 16:24:01.985,33.9,None,interval2,None
2025-11-12 16:24:02.091,33.9,None,interval2,None
2025-11-12 16:24:02.179,33.9,None,interval2,None
2025-11-12 16:24:02.351,33.9,None,interval2,None
2025-11-12 16:24:02.448,33.9,None,interval2,None
2025-11-12 16:24:02.531,33.9,None,interval2,None
2025-11-12 16:24:02.697,33.9,None,interval2,None
2025-11-12 16:24:02.888,33.9,None,interval2,None
2025-11-12 16:24:03.006,33.9,None,interval2,None
2025-11-12 16:24:03.140,33.9,None,interval2,None
2025-11-12 16:24:03.312,33.9,None,interval2,None
2025-11-12 16:24:03.414,33.9,None,interval2,None
2025-11-12 16:24:03.538,33.9,None,interval2,None
2025-11-12 16:24:03.733,33.9,None,interval2,None
2025-11-12 16:24:03.827,33.9,None,interval2,None
2025-11-12 16:24:03.954,33.9,None,interval2,None
2025-11-12 16:24:03.986,33.9,None,interval2,None
2025-11-12 16:24:04.245,33.9,None,interval2,None
2025-11-12 16:24:04.344,33.9,None,interval2,None
2025-11-12 16:24:04.468,33.9,None,interval2,None
2025-11-12 16:24:04.647,33.9,None,interval2,None
2025-11-12 16:24:04.743,33.9,None,interval2,None
2025-11-12 16:24:04.904,33.9,None,interval2,None
2025-11-12 16:24:05.059,33.9,None,interval2,None
2025-11-12 16:24:05.179,33.9,None,interval2,None
2025-11-12 16:24:05.366,33.9,None,interval2,None
2025-11-12 16:24:05.430,33.9,None,interval2,None
2025-11-12 16:24:05.600,33.9,None,interval2,None
2025-11-12 16:24:05.672,33.9,None,interval2,None
2025-11-12 16:24:05.871,33.9,None,interval2,None
2025-11-12 16:24:05.940,33.9,None,interval2,None
2025-11-12 16:24:06.106,33.9,None,interval2,None
2025-11-12 16:24:06.214,33.9,None,interval2,None
2025-11-12 16:24:06.390,33.9,None,interval2,None
2025-11-12 16:24:06.538,33.9,None,interval2,None
2025-11-12 16:24:06.623,33.9,None,interval2,None
2025-11-12 16:24:06.800,33.9,None,interval2,None
2025-11-12 16:24:06.900,33.9,None,interval2,None
2025-11-12 16:24:07.105,33.9,None,interval2,None
2025-11-12 16:24:07.212,33.9,None,interval2,None
2025-11-12 16:24:07.318,33.9,None,interval2,None
2025-11-12 16:24:07.526,33.9,None,interval2,None
2025-11-12 16:24:07.526,33.9,None,interval2,None
2025-11-12 16:24:07.737,33.9,None,interval2,None
2025-11-12 16:24:07.824,33.9,None,interval2,None
2025-11-12 16:24:08.028,33.9,None,interval2,None
2025-11-12 16:24:08.084,33.9,None,interval2,None
2025-11-12 16:24:08.241,33.9,None,interval2,None
2025-11-12 16:24:08.445,33.9,None,interval2,None
2025-11-12 16:24:08.539,33.9,None,interval2,None
2025-11-12 16:24:08.600,33.9,None,interval2,None
2025-11-12 16:24:08.767,33.9,None,interval2,None
2025-11-12 16:24:08.943,33.9,None,interval2,None
2025-11-12 16:24:09.044,33.9,None,interval2,None
2025-11-12 16:24:09.159,33.9,None,interval2,None
2025-11-12 16:24:09.361,33.9,None,interval2,None
2025-11-12 16:24:09.461,33.9,None,interval2,None
2025-11-12 16:24:09.626,33.9,None,interval2,None
2025-11-12 16:24:09.715,33.9,None,interval2,None
2025-11-12 16:24:09.882,33.9,None,interval2,None
2025-11-12 16:24:09.999,33.9,None,interval2,None
2025-11-12 16:24:10.175,33.9,None,interval2,None
2025-11-12 16:24:10.288,33.9,None,interval2,None
2025-11-12 16:24:10.395,33.9,None,interval2,None
2025-11-12 16:24:10.560,33.9,None,interval2,None
2025-11-12 16:24:10.658,33.9,None,interval2,None
2025-11-12 16:24:10.828,33.9,None,interval2,None
2025-11-12 16:24:10.908,33.9,None,interval2,None
2025-11-12 16:24:11.108,33.9,None,interval2,None
2025-11-12 16:24:11.211,33.9,None,interval2,None
2025-11-12 16:24:11.331,33.9,None,interval2,None
2025-11-12 16:24:11.511,33.9,None,interval2,None
2025-11-12 16:24:11.620,33.9,None,interval2,None
2025-11-12 16:24:11.758,33.9,None,interval2,None
2025-11-12 16:24:11.850,33.9,None,interval2,None
2025-11-12 16:24:12.035,33.9,None,interval2,None
2025-11-12 16:24:12.149,33.9,None,interval2,None
2025-11-12 16:24:12.270,33.9,None,interval2,None
2025-11-12 16:24:12.379,33.9,None,interval2,None
2025-11-12 16:24:12.547,33.9,None,interval2,None
2025-11-12 16:24:12.705,33.9,None,interval2,None
2025-11-12 16:24:12.788,33.9,None,interval2,None
2025-11-12 16:24:12.982,33.9,None,interval2,None
2025-11-12 16:24:13.065,33.9,None,interval2,None
2025-11-12 16:24:13.209,33.9,None,interval2,None
2025-11-12 16:24:13.320,33.9,None,interval2,None
2025-11-12 16:24:13.483,33.9,None,interval2,None
2025-11-12 16:24:13.581,33.9,None,interval2,None
2025-11-12 16:24:13.755,33.9,None,interval2,None
2025-11-12 16:24:13.917,33.9,None,interval2,None
2025-11-12 16:24:13.999,33.9,None,interval2,None
2025-11-12 16:24:14.204,33.9,None,interval2,None
2025-11-12 16:24:14.277,33.9,None,interval2,None
2025-11-12 16:24:14.420,33.9,None,interval2,None
2025-11-12 16:24:14.596,33.9,None,interval2,None
2025-11-12 16:24:14.695,33.9,None,interval2,None
2025-11-12 16:24:14.860,33.9,None,interval2,None
2025-11-12 16:24:14.944,33.9,None,interval2,None
2025-11-12 16:24:15.095,33.9,None,interval2,None
2025-11-12 16:24:15.241,33.9,None,interval2,None
2025-11-12 16:24:15.356,33.9,None,interval2,None
2025-11-12 16:24:15.471,33.9,None,interval2,None
2025-11-12 16:24:15.627,33.9,None,interval2,None
2025-11-12 16:24:15.819,33.9,None,interval2,None
2025-11-12 16:24:15.908,33.9,None,interval2,None
2025-11-12 16:24:16.040,33.9,None,interval2,None
2025-11-12 16:24:16.136,33.9,None,interval2,None
2025-11-12 16:24:16.331,33.9,None,interval2,None
2025-11-12 16:24:16.426,33.9,None,interval2,None
2025-11-12 16:24:16.559,33.9,None,interval2,None
2025-11-12 16:24:16.656,33.9,None,interval2,None
2025-11-12 16:24:16.859,33.9,None,interval2,None
2025-11-12 16:24:17.004,33.9,None,interval2,None
2025-11-12 16:24:17.079,33.9,None,interval2,None
2025-11-12 16:24:17.280,33.9,None,interval2,None
2025-11-12 16:24:17.346,33.9,None,interval2,None
2025-11-12 16:24:17.501,33.9,None,interval2,None
2025-11-12 16:24:17.605,33.9,None,interval2,None
2025-11-12 16:24:17.761,33.9,None,interval2,None
2025-11-12 16:24:17.965,33.9,None,interval2,None
2025-11-12 16:24:18.048,33.9,None,interval2,None
2025-11-12 16:24:18.194,33.9,None,interval2,None
2025-11-12 16:24:18.295,33.9,None,interval2,None
2025-11-12 16:24:18.472,33.9,None,interval2,None
2025-11-12 16:24:18.572,33.9,None,interval2,None
2025-11-12 16:24:18.724,33.9,None,interval2,None
2025-11-12 16:24:18.896,33.9,None,interval2,None
2025-11-12 16:24:18.994,33.9,None,interval2,None
2025-11-12 16:24:19.141,33.9,None,interval2,None
2025-11-12 16:24:19.141,33.9,None,interval2,None
2025-11-12 16:24:19.392,33.9,None,interval2,None
2025-11-12 16:24:19.515,33.9,None,interval2,None
2025-11-12 16:24:19.701,33.9,None,interval2,None
2025-11-12 16:24:19.826,33.9,None,interval2,None
2025-11-12 16:24:19.915,33.9,None,interval2,None
2025-11-12 16:24:20.012,33.9,None,interval2,None
2025-11-12 16:24:20.157,33.9,None,interval2,None
2025-11-12 16:24:20.319,33.9,None,interval2,None
2025-11-12 16:24:20.425,33.9,None,interval2,None
2025-11-12 16:24:20.595,33.9,None,interval2,None
2025-11-12 16:24:20.775,33.9,None,interval2,None
2025-11-12 16:24:20.838,33.9,None,interval2,None
2025-11-12 16:24:21.044,33.9,None,interval2,None
2025-11-12 16:24:21.144,33.9,None,interval2,None
2025-11-12 16:24:21.279,33.9,None,interval2,None
2025-11-12 16:24:21.304,33.9,None,interval2,None
2025-11-12 16:24:21.548,33.9,None,interval2,None
2025-11-12 16:24:21.692,33.9,None,interval2,None
2025-11-12 16:24:21.788,33.9,None,interval2,None
2025-11-12 16:24:21.980,33.9,None,interval2,None
2025-11-12 16:24:22.064,33.9,None,interval2,None
2025-11-12 16:24:22.255,33.9,None,interval2,None
2025-11-12 16:24:22.392,33.9,None,interval2,None
2025-11-12 16:24:22.480,33.9,None,interval2,None
2025-11-12 16:24:22.593,33.9,None,interval2,None
2025-11-12 16:24:22.731,33.9,None,interval2,None
2025-11-12 16:24:22.914,33.9,None,interval2,None
2025-11-12 16:24:22.989,33.9,None,interval2,None
2025-11-12 16:24:23.196,33.9,None,interval2,None
2025-11-12 16:24:23.241,33.9,None,interval2,None
2025-11-12 16:24:23.386,33.9,None,interval2,None
2025-11-12 16:24:23.531,33.9,None,interval2,None
2025-11-12 16:24:23.712,33.9,None,interval2,None
2025-11-12 16:24:23.803,33.9,None,interval2,None
2025-11-12 16:24:23.926,33.9,None,interval2,None
2025-11-12 16:24:24.129,33.9,None,interval2,None
2025-11-12 16:24:24.229,33.9,None,interval2,None
2025-11-12 16:24:24.360,33.9,None,interval2,None
2025-11-12 16:24:24.529,33.9,None,interval2,None
2025-11-12 16:24:24.626,33.9,None,interval2,None
2025-11-12 16:24:24.809,33.9,None,interval2,None
2025-11-12 16:24:24.874,33.9,None,interval2,None
2025-11-12 16:24:25.046,33.9,None,interval2,None
2025-11-12 16:24:25.149,33.9,None,interval2,None
2025-11-12 16:24:25.314,33.9,None,interval2,None
2025-11-12 16:24:25.457,33.9,None,interval2,None
2025-11-12 16:24:25.566,33.9,None,interval2,None
2025-11-12 16:24:25.772,33.9,None,interval2,None
2025-11-12 16:24:25.883,33.9,None,interval2,None
2025-11-12 16:24:25.984,33.9,None,interval2,None
2025-11-12 16:24:26.100,33.9,None,interval2,None
2025-11-12 16:24:26.303,33.9,None,interval2,None
2025-11-12 16:24:26.426,33.9,None,interval2,None
2025-11-12 16:24:26.459,33.9,None,interval2,None
2025-11-12 16:24:26.725,33.9,None,interval2,None
2025-11-12 16:24:26.768,33.9,None,interval2,None
2025-11-12 16:24:26.857,33.9,None,interval2,None
2025-11-12 16:24:27.026,33.9,None,interval2,None
2025-11-12 16:24:27.185,33.9,None,interval2,None
2025-11-12 16:24:27.321,33.9,None,interval2,None
2025-11-12 16:24:27.475,33.9,None,interval2,None
2025-11-12 16:24:27.627,33.9,None,interval2,None
2025-11-12 16:24:27.738,33.9,None,interval2,None
2025-11-12 16:24:27.965,33.9,None,interval2,None
2025-11-12 16:24:27.965,33.9,None,interval2,None
2025-11-12 16:24:28.144,33.9,None,interval2,None
2025-11-12 16:24:28.243,33.9,None,interval2,None
2025-11-12 16:24:28.416,33.9,None,interval2,None
2025-11-12 16:24:28.673,33.9,None,interval2,None
2025-11-12 16:24:28.673,33.9,None,interval2,None
2025-11-12 16:24:28.813,33.9,None,interval2,None
2025-11-12 16:24:29.015,33.9,None,interval2,None
2025-11-12 16:24:29.070,33.9,None,interval2,None
2025-11-12 16:24:29.280,33.9,None,interval2,None
2025-11-12 16:24:29.372,33.9,None,interval2,None
2025-11-12 16:24:29.522,33.9,None,interval2,None
2025-11-12 16:24:29.599,33.9,None,interval2,None
2025-11-12 16:24:29.796,33.9,None,interval2,None
2025-11-12 16:24:29.870,33.9,None,interval2,None
2025-11-12 16:24:30.019,33.9,None,interval2,None
2025-11-12 16:24:30.129,33.9,None,interval2,None
2025-11-12 16:24:30.296,33.9,None,interval2,None
2025-11-12 16:24:30.441,33.9,None,interval2,None
2025-11-12 16:24:30.484,33.9,None,interval2,None
2025-11-12 16:24:30.723,33.9,None,interval2,None
2025-11-12 16:24:30.830,33.9,None,interval2,None
2025-11-12 16:24:30.954,33.9,None,interval2,None
2025-11-12 16:24:31.055,33.9,None,interval2,None
2025-11-12 16:24:31.238,33.9,None,interval2,None
2025-11-12 16:24:31.398,33.9,None,interval2,None
2025-11-12 16:24:31.470,33.9,None,interval2,None
2025-11-12 16:24:31.638,33.9,None,interval2,None
2025-11-12 16:24:31.736,33.9,None,interval2,None
2025-11-12 16:24:31.957,33.9,None,interval2,None
2025-11-12 16:24:32.001,33.9,None,interval2,None
2025-11-12 16:24:32.176,33.9,None,interval2,None
2025-11-12 16:24:32.365,33.9,None,interval2,None
2025-11-12 16:24:32.414,33.9,None,interval2,None
2025-11-12 16:24:32.555,33.9,None,interval2,None
2025-11-12 16:24:32.679,33.9,None,interval2,None
2025-11-12 16:24:32.869,33.9,None,interval2,None
2025-11-12 16:24:32.972,33.9,None,interval2,None
2025-11-12 16:24:33.107,33.9,None,interval2,None
2025-11-12 16:24:33.201,33.9,None,interval2,None
2025-11-12 16:24:33.376,33.9,None,interval2,None
2025-11-12 16:24:33.586,33.9,None,interval2,None
2025-11-12 16:24:33.633,33.9,None,interval2,None
2025-11-12 16:24:33.796,33.9,None,interval2,None
2025-11-12 16:24:33.895,33.9,None,interval2,None
2025-11-12 16:24:33.991,33.9,None,interval2,None
2025-11-12 16:24:34.212,33.9,None,interval2,None
2025-11-12 16:24:34.306,33.9,None,interval2,None
2025-11-12 16:24:34.511,33.9,None,interval2,None
2025-11-12 16:24:34.602,33.9,None,interval2,None
2025-11-12 16:24:34.674,33.9,None,interval2,None
2025-11-12 16:24:34.834,33.9,None,interval2,None
2025-11-12 16:24:34.983,33.9,None,interval2,None
2025-11-12 16:24:35.162,33.9,None,interval2,None
2025-11-12 16:24:35.246,33.9,None,interval2,None
2025-11-12 16:24:35.351,33.9,None,interval2,None
2025-11-12 16:24:35.529,33.9,None,interval2,None
2025-11-12 16:24:35.638,33.9,None,interval2,None
2025-11-12 16:24:35.685,33.9,None,interval2,None
2025-11-12 16:24:35.949,33.9,None,interval2,None
2025-11-12 16:24:36.046,33.9,None,interval2,None
2025-11-12 16:24:36.185,33.9,None,interval2,None
2025-11-12 16:24:36.362,33.9,None,interval2,None
2025-11-12 16:24:36.461,33.9,None,interval2,None
2025-11-12 16:24:36.654,33.9,None,interval2,None
2025-11-12 16:24:36.694,33.9,None,interval2,None
2025-11-12 16:24:36.808,33.9,None,interval2,None
2025-11-12 16:24:36.980,33.9,None,interval2,None
2025-11-12 16:24:37.130,33.9,None,interval2,None
2025-11-12 16:24:37.294,33.9,None,interval2,None
2025-11-12 16:24:37.403,33.9,None,interval2,None
2025-11-12 16:24:37.497,33.9,None,interval2,None
2025-11-12 16:24:37.675,33.9,None,interval2,None
2025-11-12 16:24:37.760,33.9,None,interval2,None
2025-11-12 16:24:37.923,33.9,None,interval2,None
2025-11-12 16:24:38.120,33.9,None,interval2,None
2025-11-12 16:24:38.157,33.9,None,interval2,None
2025-11-12 16:24:38.325,33.9,None,interval2,None
2025-11-12 16:24:38.430,33.9,None,interval2,None
2025-11-12 16:24:38.586,33.9,None,interval2,None
2025-11-12 16:24:38.719,33.9,None,interval2,None
2025-11-12 16:24:38.844,34.0,None,interval2,None
2025-11-12 16:24:39.044,33.9,None,interval2,None
2025-11-12 16:24:39.123,33.9,None,interval2,None
2025-11-12 16:24:39.268,33.9,None,interval2,None
2025-11-12 16:24:39.361,34.0,None,interval2,None
2025-11-12 16:24:39.568,33.9,None,interval2,None
2025-11-12 16:24:39.747,34.0,None,interval2,None
2025-11-12 16:24:39.789,33.9,None,interval2,None
2025-11-12 16:24:39.964,34.0,None,interval2,None
2025-11-12 16:24:40.060,34.0,None,interval2,None
2025-11-12 16:24:40.272,34.0,None,interval2,None
2025-11-12 16:24:40.333,34.0,None,interval2,None
2025-11-12 16:24:40.487,34.0,None,interval2,None
2025-11-12 16:24:40.577,34.0,None,interval2,None
2025-11-12 16:24:40.778,34.0,None,interval2,None
2025-11-12 16:24:40.830,34.0,None,interval2,None
2025-11-12 16:24:40.983,33.9,None,interval2,None
2025-11-12 16:24:41.190,34.0,None,interval2,None
2025-11-12 16:24:41.283,34.0,None,interval2,None
2025-11-12 16:24:41.418,34.0,None,interval2,None
2025-11-12 16:24:41.510,34.0,None,interval2,None
2025-11-12 16:24:41.709,34.0,None,interval2,None
2025-11-12 16:24:41.800,34.0,None,interval2,None
2025-11-12 16:24:41.945,34.0,None,interval2,None
2025-11-12 16:24:42.036,34.0,None,interval2,None
2025-11-12 16:24:42.206,33.9,None,interval2,None
2025-11-12 16:24:42.324,34.0,None,interval2,None
2025-11-12 16:24:42.449,33.9,None,interval2,None
2025-11-12 16:24:42.626,34.0,None,interval2,None
2025-11-12 16:24:42.737,34.0,None,interval2,None
2025-11-12 16:24:42.885,34.0,None,interval2,None
2025-11-12 16:24:43.042,34.0,None,interval2,None
2025-11-12 16:24:43.249,34.0,None,interval2,None
2025-11-12 16:24:43.345,34.0,None,interval2,None
2025-11-12 16:24:43.403,34.0,None,interval2,None
2025-11-12 16:24:43.564,34.0,None,interval2,None
2025-11-12 16:24:43.766,34.0,None,interval2,None
2025-11-12 16:24:43.805,34.0,None,interval2,None
2025-11-12 16:24:43.993,34.0,None,interval2,None
2025-11-12 16:24:44.067,34.0,None,interval2,None
2025-11-12 16:24:44.280,34.0,None,interval2,None
2025-11-12 16:24:44.337,34.0,None,interval2,None
2025-11-12 16:24:44.525,34.0,None,interval2,None
2025-11-12 16:24:44.525,34.0,None,interval2,None
2025-11-12 16:24:44.786,34.0,None,interval2,None
2025-11-12 16:24:45.024,34.0,None,interval2,None
2025-11-12 16:24:45.024,34.0,None,interval2,None
2025-11-12 16:24:45.204,34.0,None,interval2,None
2025-11-12 16:24:45.296,34.0,None,interval2,None
2025-11-12 16:24:45.489,34.0,None,interval2,None
2025-11-12 16:24:45.562,34.0,None,interval2,None
2025-11-12 16:24:45.660,34.0,None,interval2,None
2025-11-12 16:24:45.818,34.0,None,interval2,None
2025-11-12 16:24:45.993,34.0,None,interval2,None
2025-11-12 16:24:46.154,34.0,None,interval2,None
2025-11-12 16:24:46.227,34.0,None,interval2,None
2025-11-12 16:24:46.408,34.0,None,interval2,None
2025-11-12 16:24:46.480,34.0,None,interval2,None
2025-11-12 16:24:46.725,34.0,None,interval2,None
2025-11-12 16:24:46.824,34.0,None,interval2,None
2025-11-12 16:24:46.926,34.0,None,interval2,None
2025-11-12 16:24:47.072,34.0,None,interval2,None
2025-11-12 16:24:47.152,34.0,None,interval2,None
2025-11-12 16:24:47.349,34.0,None,interval2,None
2025-11-12 16:24:47.444,34.0,None,interval2,None
2025-11-12 16:24:47.643,34.0,None,interval2,None
2025-11-12 16:24:47.793,34.0,None,interval2,None
2025-11-12 16:24:47.803,34.0,None,interval2,None
2025-11-12 16:24:48.064,34.0,None,interval2,None
2025-11-12 16:24:48.095,34.0,None,interval2,None
2025-11-12 16:24:48.301,34.0,None,interval2,None
2025-11-12 16:24:48.366,34.0,None,interval2,None
2025-11-12 16:24:48.559,34.0,None,interval2,None
2025-11-12 16:24:48.728,34.0,None,interval2,None
2025-11-12 16:24:48.788,34.0,None,interval2,None
2025-11-12 16:24:48.977,34.0,None,interval2,None
2025-11-12 16:24:49.095,34.0,None,interval2,None
2025-11-12 16:24:49.233,34.0,None,interval2,None
2025-11-12 16:24:49.316,34.0,None,interval2,None
2025-11-12 16:24:49.483,34.0,None,interval2,None
2025-11-12 16:24:49.599,34.0,None,interval2,None
2025-11-12 16:24:49.733,34.0,None,interval2,None
2025-11-12 16:24:49.824,34.0,None,interval2,None
2025-11-12 16:24:50.010,34.0,None,interval2,None
2025-11-12 16:24:50.156,34.0,None,interval2,None
2025-11-12 16:24:50.258,34.0,None,interval2,None
2025-11-12 16:24:50.409,34.0,None,interval2,None
2025-11-12 16:24:50.527,34.0,None,interval2,None
2025-11-12 16:24:50.722,34.0,None,interval2,None
2025-11-12 16:24:50.870,34.0,None,interval2,None
2025-11-12 16:24:50.937,34.0,None,interval2,None
2025-11-12 16:24:51.147,34.0,None,interval2,None
2025-11-12 16:24:51.203,34.0,None,interval2,None
2025-11-12 16:24:51.360,34.0,None,interval2,None
2025-11-12 16:24:51.546,34.0,None,interval2,None
2025-11-12 16:24:51.645,34.0,None,interval2,None
2025-11-12 16:24:51.743,34.0,None,interval2,None
2025-11-12 16:24:51.894,34.0,None,interval2,None
2025-11-12 16:24:52.062,34.0,None,interval2,None
2025-11-12 16:24:52.153,34.0,None,interval2,None
2025-11-12 16:24:52.256,34.0,None,interval2,None
2025-11-12 16:24:52.409,34.0,None,interval2,None
2025-11-12 16:24:52.582,34.0,None,interval2,None
2025-11-12 16:24:52.770,34.0,None,interval2,None
2025-11-12 16:24:52.912,34.0,None,interval2,None
2025-11-12 16:24:53.013,34.0,None,interval2,None
2025-11-12 16:24:53.095,34.0,None,interval2,None
